chip,device_name,sm_count,git_commit,extension_md5,case_source,family,n_rows,n_cols,top_k,sorted_value,return_value,input_dtype,index_dtype,num_runs,backend,status,error_type,error_message,time(us),wall_us,throughput(TB/s),bandwidth(GB/s),Byte(MB),relative_pct_vs_maca_c,wall_relative_pct_vs_maca_c,note
MetaX_C600-U,MetaX C600-U,28,8e7295a7b17a830bf16da573581a24d2dac0cbaa,2220475c460a294b74e57ec06c45393e,official,lightning_indexer,6,256,512,0,0,bfloat16,int32,10,maca_c,pass,,,2.458,90.061,0.006249,6.249,0.015,100.0,100.0,
MetaX_C600-U,MetaX C600-U,28,8e7295a7b17a830bf16da573581a24d2dac0cbaa,2220475c460a294b74e57ec06c45393e,official,lightning_indexer,6,256,512,0,0,bfloat16,int32,10,torch,pass,,"not applicable: the reference backend needs vocab_size >= topk, no window, no offset (tests/test.py's own guard)",,,,,,,,
MetaX_C600-U,MetaX C600-U,28,8e7295a7b17a830bf16da573581a24d2dac0cbaa,2220475c460a294b74e57ec06c45393e,official,lightning_indexer,6,1024,512,0,0,bfloat16,int32,10,maca_c,pass,,,10.931,86.118,0.002248,2.248,0.025,100.0,100.0,
MetaX_C600-U,MetaX C600-U,28,8e7295a7b17a830bf16da573581a24d2dac0cbaa,2220475c460a294b74e57ec06c45393e,official,lightning_indexer,6,1024,512,0,0,bfloat16,int32,10,torch,pass,,,22.886,23.501,0.001074,1.074,,47.76,366.44,
MetaX_C600-U,MetaX C600-U,28,8e7295a7b17a830bf16da573581a24d2dac0cbaa,2220475c460a294b74e57ec06c45393e,official,lightning_indexer,6,4096,512,0,0,bfloat16,int32,10,maca_c,pass,,,12.058,85.12,0.005095,5.095,0.061,100.0,100.0,
MetaX_C600-U,MetaX C600-U,28,8e7295a7b17a830bf16da573581a24d2dac0cbaa,2220475c460a294b74e57ec06c45393e,official,lightning_indexer,6,4096,512,0,0,bfloat16,int32,10,torch,pass,,,37.299,37.683,0.001647,1.647,,32.33,225.88,
MetaX_C600-U,MetaX C600-U,28,8e7295a7b17a830bf16da573581a24d2dac0cbaa,2220475c460a294b74e57ec06c45393e,official,lightning_indexer,6,16384,512,0,0,bfloat16,int32,10,maca_c,pass,,,18.637,86.221,0.011209,11.209,0.209,100.0,100.0,
MetaX_C600-U,MetaX C600-U,28,8e7295a7b17a830bf16da573581a24d2dac0cbaa,2220475c460a294b74e57ec06c45393e,official,lightning_indexer,6,16384,512,0,0,bfloat16,int32,10,torch,pass,,,92.211,91.494,0.002265,2.265,,20.21,94.24,
MetaX_C600-U,MetaX C600-U,28,8e7295a7b17a830bf16da573581a24d2dac0cbaa,2220475c460a294b74e57ec06c45393e,official,lightning_indexer,6,65536,512,0,0,bfloat16,int32,10,maca_c,pass,,,34.611,86.17,0.023077,23.077,0.799,100.0,100.0,
MetaX_C600-U,MetaX C600-U,28,8e7295a7b17a830bf16da573581a24d2dac0cbaa,2220475c460a294b74e57ec06c45393e,official,lightning_indexer,6,65536,512,0,0,bfloat16,int32,10,torch,pass,,,156.058,138.803,0.005118,5.118,,22.18,62.08,
MetaX_C600-U,MetaX C600-U,28,8e7295a7b17a830bf16da573581a24d2dac0cbaa,2220475c460a294b74e57ec06c45393e,official,lightning_indexer,6,131072,512,0,0,bfloat16,int32,10,maca_c,pass,,,56.602,88.294,0.028005,28.005,1.585,100.0,100.0,
MetaX_C600-U,MetaX C600-U,28,8e7295a7b17a830bf16da573581a24d2dac0cbaa,2220475c460a294b74e57ec06c45393e,official,lightning_indexer,6,131072,512,0,0,bfloat16,int32,10,torch,pass,,,186.138,168.73,0.008516,8.516,,30.41,52.33,
MetaX_C600-U,MetaX C600-U,28,8e7295a7b17a830bf16da573581a24d2dac0cbaa,2220475c460a294b74e57ec06c45393e,official,lightning_indexer,6,262144,512,0,0,bfloat16,int32,10,maca_c,pass,,,97.792,143.744,0.032293,32.293,3.158,100.0,100.0,
MetaX_C600-U,MetaX C600-U,28,8e7295a7b17a830bf16da573581a24d2dac0cbaa,2220475c460a294b74e57ec06c45393e,official,lightning_indexer,6,262144,512,0,0,bfloat16,int32,10,torch,pass,,,250.829,233.574,0.01259,12.59,,38.99,61.54,
MetaX_C600-U,MetaX C600-U,28,8e7295a7b17a830bf16da573581a24d2dac0cbaa,2220475c460a294b74e57ec06c45393e,official,lightning_indexer,6,524288,512,0,0,bfloat16,int32,10,maca_c,pass,,,86.861,142.234,0.072573,72.573,6.304,100.0,100.0,
MetaX_C600-U,MetaX C600-U,28,8e7295a7b17a830bf16da573581a24d2dac0cbaa,2220475c460a294b74e57ec06c45393e,official,lightning_indexer,6,524288,512,0,0,bfloat16,int32,10,torch,pass,,,345.805,327.987,0.018229,18.229,,25.12,43.37,
MetaX_C600-U,MetaX C600-U,28,8e7295a7b17a830bf16da573581a24d2dac0cbaa,2220475c460a294b74e57ec06c45393e,official,lightning_indexer,6,1048576,512,0,0,bfloat16,int32,10,maca_c,pass,,,133.325,179.328,0.09447,94.47,12.595,100.0,100.0,
MetaX_C600-U,MetaX C600-U,28,8e7295a7b17a830bf16da573581a24d2dac0cbaa,2220475c460a294b74e57ec06c45393e,official,lightning_indexer,6,1048576,512,0,0,bfloat16,int32,10,torch,pass,,,518.528,499.046,0.02429,24.29,,25.71,35.93,
MetaX_C600-U,MetaX C600-U,28,8e7295a7b17a830bf16da573581a24d2dac0cbaa,2220475c460a294b74e57ec06c45393e,official,lightning_indexer,256,256,512,0,0,bfloat16,int32,10,maca_c,pass,,,4.915,84.787,0.133339,133.339,0.655,100.0,100.0,
MetaX_C600-U,MetaX C600-U,28,8e7295a7b17a830bf16da573581a24d2dac0cbaa,2220475c460a294b74e57ec06c45393e,official,lightning_indexer,256,256,512,0,0,bfloat16,int32,10,torch,pass,,"not applicable: the reference backend needs vocab_size >= topk, no window, no offset (tests/test.py's own guard)",,,,,,,,
MetaX_C600-U,MetaX C600-U,28,8e7295a7b17a830bf16da573581a24d2dac0cbaa,2220475c460a294b74e57ec06c45393e,official,lightning_indexer,256,1024,512,0,0,bfloat16,int32,10,maca_c,pass,,,38.17,86.195,0.027471,27.471,1.049,100.0,100.0,
MetaX_C600-U,MetaX C600-U,28,8e7295a7b17a830bf16da573581a24d2dac0cbaa,2220475c460a294b74e57ec06c45393e,official,lightning_indexer,256,1024,512,0,0,bfloat16,int32,10,torch,pass,,,152.704,155.11,0.006867,6.867,,25.0,55.57,
MetaX_C600-U,MetaX C600-U,28,8e7295a7b17a830bf16da573581a24d2dac0cbaa,2220475c460a294b74e57ec06c45393e,official,lightning_indexer,256,4096,512,0,0,bfloat16,int32,10,maca_c,pass,,,51.2,89.498,0.0512,51.2,2.621,100.0,100.0,
MetaX_C600-U,MetaX C600-U,28,8e7295a7b17a830bf16da573581a24d2dac0cbaa,2220475c460a294b74e57ec06c45393e,official,lightning_indexer,256,4096,512,0,0,bfloat16,int32,10,torch,pass,,,267.827,252.493,0.009788,9.788,,19.12,35.45,
MetaX_C600-U,MetaX C600-U,28,8e7295a7b17a830bf16da573581a24d2dac0cbaa,2220475c460a294b74e57ec06c45393e,official,lightning_indexer,256,16384,512,0,0,bfloat16,int32,10,maca_c,pass,,,98.662,108.698,0.090338,90.338,8.913,100.0,100.0,
MetaX_C600-U,MetaX C600-U,28,8e7295a7b17a830bf16da573581a24d2dac0cbaa,2220475c460a294b74e57ec06c45393e,official,lightning_indexer,256,16384,512,0,0,bfloat16,int32,10,torch,pass,,,589.798,570.65,0.015112,15.112,,16.73,19.05,
MetaX_C600-U,MetaX C600-U,28,8e7295a7b17a830bf16da573581a24d2dac0cbaa,2220475c460a294b74e57ec06c45393e,official,lightning_indexer,256,65536,512,0,0,bfloat16,int32,10,maca_c,pass,,,321.51,331.622,0.105996,105.996,34.079,100.0,100.0,
MetaX_C600-U,MetaX C600-U,28,8e7295a7b17a830bf16da573581a24d2dac0cbaa,2220475c460a294b74e57ec06c45393e,official,lightning_indexer,256,65536,512,0,0,bfloat16,int32,10,torch,pass,,,1283.277,1265.562,0.026556,26.556,,25.05,26.2,
MetaX_C600-U,MetaX C600-U,28,8e7295a7b17a830bf16da573581a24d2dac0cbaa,2220475c460a294b74e57ec06c45393e,official,lightning_indexer,256,131072,512,0,0,bfloat16,int32,10,maca_c,pass,,,537.242,547.891,0.12589,125.89,67.633,100.0,100.0,
MetaX_C600-U,MetaX C600-U,28,8e7295a7b17a830bf16da573581a24d2dac0cbaa,2220475c460a294b74e57ec06c45393e,official,lightning_indexer,256,131072,512,0,0,bfloat16,int32,10,torch,pass,,,2216.858,2197.99,0.030509,30.509,,24.23,24.93,
MetaX_C600-U,MetaX C600-U,28,8e7295a7b17a830bf16da573581a24d2dac0cbaa,2220475c460a294b74e57ec06c45393e,official,lightning_indexer,256,262144,512,0,0,bfloat16,int32,10,maca_c,pass,,,960.23,975.411,0.140323,140.323,134.742,100.0,100.0,
MetaX_C600-U,MetaX C600-U,28,8e7295a7b17a830bf16da573581a24d2dac0cbaa,2220475c460a294b74e57ec06c45393e,official,lightning_indexer,256,262144,512,0,0,bfloat16,int32,10,torch,pass,,,4106.189,4091.75,0.032814,32.814,,23.38,23.84,
MetaX_C600-U,MetaX C600-U,28,8e7295a7b17a830bf16da573581a24d2dac0cbaa,2220475c460a294b74e57ec06c45393e,official,lightning_indexer,256,524288,512,0,0,bfloat16,int32,10,maca_c,pass,,,1812.864,1821.798,0.148362,148.362,268.96,100.0,100.0,
MetaX_C600-U,MetaX C600-U,28,8e7295a7b17a830bf16da573581a24d2dac0cbaa,2220475c460a294b74e57ec06c45393e,official,lightning_indexer,256,524288,512,0,0,bfloat16,int32,10,torch,pass,,,7837.542,7835.213,0.034317,34.317,,23.13,23.25,
MetaX_C600-U,MetaX C600-U,28,8e7295a7b17a830bf16da573581a24d2dac0cbaa,2220475c460a294b74e57ec06c45393e,official,lightning_indexer,256,1048576,512,0,0,bfloat16,int32,10,maca_c,pass,,,3540.506,3578.675,0.151785,151.785,537.395,100.0,100.0,
MetaX_C600-U,MetaX C600-U,28,8e7295a7b17a830bf16da573581a24d2dac0cbaa,2220475c460a294b74e57ec06c45393e,official,lightning_indexer,256,1048576,512,0,0,bfloat16,int32,10,torch,pass,,,15344.461,15379.866,0.035022,35.022,,23.07,23.27,
MetaX_C600-U,MetaX C600-U,28,8e7295a7b17a830bf16da573581a24d2dac0cbaa,2220475c460a294b74e57ec06c45393e,official,lightning_indexer,512,256,512,0,0,bfloat16,int32,10,maca_c,pass,,,7.475,110.822,0.175347,175.347,1.311,100.0,100.0,
MetaX_C600-U,MetaX C600-U,28,8e7295a7b17a830bf16da573581a24d2dac0cbaa,2220475c460a294b74e57ec06c45393e,official,lightning_indexer,512,256,512,0,0,bfloat16,int32,10,torch,pass,,"not applicable: the reference backend needs vocab_size >= topk, no window, no offset (tests/test.py's own guard)",,,,,,,,
MetaX_C600-U,MetaX C600-U,28,8e7295a7b17a830bf16da573581a24d2dac0cbaa,2220475c460a294b74e57ec06c45393e,official,lightning_indexer,512,1024,512,0,0,bfloat16,int32,10,maca_c,pass,,,67.098,111.232,0.031255,31.255,2.097,100.0,100.0,
MetaX_C600-U,MetaX C600-U,28,8e7295a7b17a830bf16da573581a24d2dac0cbaa,2220475c460a294b74e57ec06c45393e,official,lightning_indexer,512,1024,512,0,0,bfloat16,int32,10,torch,pass,,,294.861,299.008,0.007112,7.112,,22.76,37.2,
MetaX_C600-U,MetaX C600-U,28,8e7295a7b17a830bf16da573581a24d2dac0cbaa,2220475c460a294b74e57ec06c45393e,official,lightning_indexer,512,4096,512,0,0,bfloat16,int32,10,maca_c,pass,,,91.546,101.197,0.05727,57.27,5.243,100.0,100.0,
MetaX_C600-U,MetaX C600-U,28,8e7295a7b17a830bf16da573581a24d2dac0cbaa,2220475c460a294b74e57ec06c45393e,official,lightning_indexer,512,4096,512,0,0,bfloat16,int32,10,torch,pass,,,294.707,278.451,0.01779,17.79,,31.06,36.34,
MetaX_C600-U,MetaX C600-U,28,8e7295a7b17a830bf16da573581a24d2dac0cbaa,2220475c460a294b74e57ec06c45393e,official,lightning_indexer,512,16384,512,0,0,bfloat16,int32,10,maca_c,pass,,,183.091,192.947,0.09736,97.36,17.826,100.0,100.0,
MetaX_C600-U,MetaX C600-U,28,8e7295a7b17a830bf16da573581a24d2dac0cbaa,2220475c460a294b74e57ec06c45393e,official,lightning_indexer,512,16384,512,0,0,bfloat16,int32,10,torch,pass,,,714.112,701.491,0.024962,24.962,,25.64,27.51,
MetaX_C600-U,MetaX C600-U,28,8e7295a7b17a830bf16da573581a24d2dac0cbaa,2220475c460a294b74e57ec06c45393e,official,lightning_indexer,512,65536,512,0,0,bfloat16,int32,10,maca_c,pass,,,609.894,625.587,0.111753,111.753,68.157,100.0,100.0,
MetaX_C600-U,MetaX C600-U,28,8e7295a7b17a830bf16da573581a24d2dac0cbaa,2220475c460a294b74e57ec06c45393e,official,lightning_indexer,512,65536,512,0,0,bfloat16,int32,10,torch,pass,,,2354.79,2344.141,0.028944,28.944,,25.9,26.69,
MetaX_C600-U,MetaX C600-U,28,8e7295a7b17a830bf16da573581a24d2dac0cbaa,2220475c460a294b74e57ec06c45393e,official,lightning_indexer,512,131072,512,0,0,bfloat16,int32,10,maca_c,pass,,,1020.544,1036.288,0.132543,132.543,135.266,100.0,100.0,
MetaX_C600-U,MetaX C600-U,28,8e7295a7b17a830bf16da573581a24d2dac0cbaa,2220475c460a294b74e57ec06c45393e,official,lightning_indexer,512,131072,512,0,0,bfloat16,int32,10,torch,pass,,,4234.598,4213.914,0.031943,31.943,,24.1,24.59,
MetaX_C600-U,MetaX C600-U,28,8e7295a7b17a830bf16da573581a24d2dac0cbaa,2220475c460a294b74e57ec06c45393e,official,lightning_indexer,512,262144,512,0,0,bfloat16,int32,10,maca_c,pass,,,1822.976,1838.106,0.147826,147.826,269.484,100.0,100.0,
MetaX_C600-U,MetaX C600-U,28,8e7295a7b17a830bf16da573581a24d2dac0cbaa,2220475c460a294b74e57ec06c45393e,official,lightning_indexer,512,262144,512,0,0,bfloat16,int32,10,torch,pass,,,7972.045,7966.361,0.033804,33.804,,22.87,23.07,
MetaX_C600-U,MetaX C600-U,28,8e7295a7b17a830bf16da573581a24d2dac0cbaa,2220475c460a294b74e57ec06c45393e,official,lightning_indexer,512,524288,512,0,0,bfloat16,int32,10,maca_c,pass,,,3438.643,3447.629,0.156434,156.434,537.919,100.0,100.0,
MetaX_C600-U,MetaX C600-U,28,8e7295a7b17a830bf16da573581a24d2dac0cbaa,2220475c460a294b74e57ec06c45393e,official,lightning_indexer,512,524288,512,0,0,bfloat16,int32,10,torch,pass,,,15374.925,15426.227,0.034987,34.987,,22.37,22.35,
MetaX_C600-U,MetaX C600-U,28,8e7295a7b17a830bf16da573581a24d2dac0cbaa,2220475c460a294b74e57ec06c45393e,official,lightning_indexer,512,1048576,512,0,0,bfloat16,int32,10,maca_c,pass,,,6726.246,6759.04,0.159791,159.791,1074.79,100.0,100.0,
MetaX_C600-U,MetaX C600-U,28,8e7295a7b17a830bf16da573581a24d2dac0cbaa,2220475c460a294b74e57ec06c45393e,official,lightning_indexer,512,1048576,512,0,0,bfloat16,int32,10,torch,pass,,,30327.168,30441.089,0.03544,35.44,,22.18,22.2,
MetaX_C600-U,MetaX C600-U,28,8e7295a7b17a830bf16da573581a24d2dac0cbaa,2220475c460a294b74e57ec06c45393e,official,lightning_indexer,768,256,512,0,0,bfloat16,int32,10,maca_c,pass,,,10.01,82.022,0.196412,196.412,1.966,100.0,100.0,
MetaX_C600-U,MetaX C600-U,28,8e7295a7b17a830bf16da573581a24d2dac0cbaa,2220475c460a294b74e57ec06c45393e,official,lightning_indexer,768,256,512,0,0,bfloat16,int32,10,torch,pass,,"not applicable: the reference backend needs vocab_size >= topk, no window, no offset (tests/test.py's own guard)",,,,,,,,
MetaX_C600-U,MetaX C600-U,28,8e7295a7b17a830bf16da573581a24d2dac0cbaa,2220475c460a294b74e57ec06c45393e,official,lightning_indexer,768,1024,512,0,0,bfloat16,int32,10,maca_c,pass,,,93.722,103.347,0.033564,33.564,3.146,100.0,100.0,
MetaX_C600-U,MetaX C600-U,28,8e7295a7b17a830bf16da573581a24d2dac0cbaa,2220475c460a294b74e57ec06c45393e,official,lightning_indexer,768,1024,512,0,0,bfloat16,int32,10,torch,pass,,,434.97,437.376,0.007232,7.232,,21.55,23.63,
MetaX_C600-U,MetaX C600-U,28,8e7295a7b17a830bf16da573581a24d2dac0cbaa,2220475c460a294b74e57ec06c45393e,official,lightning_indexer,768,4096,512,0,0,bfloat16,int32,10,maca_c,pass,,,132.045,141.722,0.059558,59.558,7.864,100.0,100.0,
MetaX_C600-U,MetaX C600-U,28,8e7295a7b17a830bf16da573581a24d2dac0cbaa,2220475c460a294b74e57ec06c45393e,official,lightning_indexer,768,4096,512,0,0,bfloat16,int32,10,torch,pass,,,368.307,348.288,0.021353,21.353,,35.85,40.69,
MetaX_C600-U,MetaX C600-U,28,8e7295a7b17a830bf16da573581a24d2dac0cbaa,2220475c460a294b74e57ec06c45393e,official,lightning_indexer,768,16384,512,0,0,bfloat16,int32,10,maca_c,pass,,,266.061,275.328,0.100498,100.498,26.739,100.0,100.0,
MetaX_C600-U,MetaX C600-U,28,8e7295a7b17a830bf16da573581a24d2dac0cbaa,2220475c460a294b74e57ec06c45393e,official,lightning_indexer,768,16384,512,0,0,bfloat16,int32,10,torch,pass,,,957.594,948.506,0.027923,27.923,,27.78,29.03,
MetaX_C600-U,MetaX C600-U,28,8e7295a7b17a830bf16da573581a24d2dac0cbaa,2220475c460a294b74e57ec06c45393e,official,lightning_indexer,768,65536,512,0,0,bfloat16,int32,10,maca_c,pass,,,895.974,906.266,0.114106,114.106,102.236,100.0,100.0,
MetaX_C600-U,MetaX C600-U,28,8e7295a7b17a830bf16da573581a24d2dac0cbaa,2220475c460a294b74e57ec06c45393e,official,lightning_indexer,768,65536,512,0,0,bfloat16,int32,10,torch,pass,,,3425.946,3412.711,0.029842,29.842,,26.15,26.56,
MetaX_C600-U,MetaX C600-U,28,8e7295a7b17a830bf16da573581a24d2dac0cbaa,2220475c460a294b74e57ec06c45393e,official,lightning_indexer,768,131072,512,0,0,bfloat16,int32,10,maca_c,pass,,,1501.645,1512.038,0.135118,135.118,202.899,100.0,100.0,
MetaX_C600-U,MetaX C600-U,28,8e7295a7b17a830bf16da573581a24d2dac0cbaa,2220475c460a294b74e57ec06c45393e,official,lightning_indexer,768,131072,512,0,0,bfloat16,int32,10,torch,pass,,,6244.762,6234.675,0.032491,32.491,,24.05,24.25,
MetaX_C600-U,MetaX C600-U,28,8e7295a7b17a830bf16da573581a24d2dac0cbaa,2220475c460a294b74e57ec06c45393e,official,lightning_indexer,768,262144,512,0,0,bfloat16,int32,10,maca_c,pass,,,2683.699,2694.656,0.150623,150.623,404.226,100.0,100.0,
MetaX_C600-U,MetaX C600-U,28,8e7295a7b17a830bf16da573581a24d2dac0cbaa,2220475c460a294b74e57ec06c45393e,official,lightning_indexer,768,262144,512,0,0,bfloat16,int32,10,torch,pass,,,11866.291,11867.879,0.034065,34.065,,22.62,22.71,
MetaX_C600-U,MetaX C600-U,28,8e7295a7b17a830bf16da573581a24d2dac0cbaa,2220475c460a294b74e57ec06c45393e,official,lightning_indexer,768,524288,512,0,0,bfloat16,int32,10,maca_c,pass,,,5053.952,5066.573,0.159653,159.653,806.879,100.0,100.0,
MetaX_C600-U,MetaX C600-U,28,8e7295a7b17a830bf16da573581a24d2dac0cbaa,2220475c460a294b74e57ec06c45393e,official,lightning_indexer,768,524288,512,0,0,bfloat16,int32,10,torch,pass,,,22987.878,23073.254,0.0351,35.1,,21.99,21.96,
MetaX_C600-U,MetaX C600-U,28,8e7295a7b17a830bf16da573581a24d2dac0cbaa,2220475c460a294b74e57ec06c45393e,official,lightning_indexer,768,1048576,512,0,0,bfloat16,int32,10,maca_c,pass,,,9843.123,9906.048,0.163788,163.788,1612.186,100.0,100.0,
MetaX_C600-U,MetaX C600-U,28,8e7295a7b17a830bf16da573581a24d2dac0cbaa,2220475c460a294b74e57ec06c45393e,official,lightning_indexer,768,1048576,512,0,0,bfloat16,int32,10,torch,pass,,,45130.47,45250.919,0.035723,35.723,,21.81,21.89,
MetaX_C600-U,MetaX C600-U,28,8e7295a7b17a830bf16da573581a24d2dac0cbaa,2220475c460a294b74e57ec06c45393e,official,lightning_indexer,4096,256,512,0,0,bfloat16,int32,10,maca_c,pass,,,43.085,84.736,0.243374,243.374,10.486,100.0,100.0,
MetaX_C600-U,MetaX C600-U,28,8e7295a7b17a830bf16da573581a24d2dac0cbaa,2220475c460a294b74e57ec06c45393e,official,lightning_indexer,4096,256,512,0,0,bfloat16,int32,10,torch,pass,,"not applicable: the reference backend needs vocab_size >= topk, no window, no offset (tests/test.py's own guard)",,,,,,,,
MetaX_C600-U,MetaX C600-U,28,8e7295a7b17a830bf16da573581a24d2dac0cbaa,2220475c460a294b74e57ec06c45393e,official,lightning_indexer,4096,1024,512,0,0,bfloat16,int32,10,maca_c,pass,,,457.626,468.454,0.036661,36.661,16.777,100.0,100.0,
MetaX_C600-U,MetaX C600-U,28,8e7295a7b17a830bf16da573581a24d2dac0cbaa,2220475c460a294b74e57ec06c45393e,official,lightning_indexer,4096,1024,512,0,0,bfloat16,int32,10,torch,pass,,,672.051,652.416,0.024964,24.964,,68.09,71.8,
MetaX_C600-U,MetaX C600-U,28,8e7295a7b17a830bf16da573581a24d2dac0cbaa,2220475c460a294b74e57ec06c45393e,official,lightning_indexer,4096,4096,512,0,0,bfloat16,int32,10,maca_c,pass,,,667.571,677.837,0.062829,62.829,41.943,100.0,100.0,
MetaX_C600-U,MetaX C600-U,28,8e7295a7b17a830bf16da573581a24d2dac0cbaa,2220475c460a294b74e57ec06c45393e,official,lightning_indexer,4096,4096,512,0,0,bfloat16,int32,10,torch,pass,,,1362.79,1344.614,0.030777,30.777,,48.99,50.41,
MetaX_C600-U,MetaX C600-U,28,8e7295a7b17a830bf16da573581a24d2dac0cbaa,2220475c460a294b74e57ec06c45393e,official,lightning_indexer,4096,16384,512,0,0,bfloat16,int32,10,maca_c,pass,,,1357.798,1374.592,0.105028,105.028,142.606,100.0,100.0,
MetaX_C600-U,MetaX C600-U,28,8e7295a7b17a830bf16da573581a24d2dac0cbaa,2220475c460a294b74e57ec06c45393e,official,lightning_indexer,4096,16384,512,0,0,bfloat16,int32,10,torch,pass,,,4227.61,4214.938,0.033732,33.732,,32.12,32.61,
MetaX_C600-U,MetaX C600-U,28,8e7295a7b17a830bf16da573581a24d2dac0cbaa,2220475c460a294b74e57ec06c45393e,official,lightning_indexer,4096,65536,512,0,0,bfloat16,int32,10,maca_c,pass,,,4702.95,4732.877,0.11594,115.94,545.26,100.0,100.0,
MetaX_C600-U,MetaX C600-U,28,8e7295a7b17a830bf16da573581a24d2dac0cbaa,2220475c460a294b74e57ec06c45393e,official,lightning_indexer,4096,65536,512,0,0,bfloat16,int32,10,torch,pass,,,17311.718,17362.381,0.031497,31.497,,27.17,27.26,
MetaX_C600-U,MetaX C600-U,28,8e7295a7b17a830bf16da573581a24d2dac0cbaa,2220475c460a294b74e57ec06c45393e,official,lightning_indexer,4096,131072,512,0,0,bfloat16,int32,10,maca_c,pass,,,7859.2,7872.231,0.13769,137.69,1082.13,100.0,100.0,
MetaX_C600-U,MetaX C600-U,28,8e7295a7b17a830bf16da573581a24d2dac0cbaa,2220475c460a294b74e57ec06c45393e,official,lightning_indexer,4096,131072,512,0,0,bfloat16,int32,10,torch,pass,,,32324.045,32407.245,0.033478,33.478,,24.31,24.29,
MetaX_C600-U,MetaX C600-U,28,8e7295a7b17a830bf16da573581a24d2dac0cbaa,2220475c460a294b74e57ec06c45393e,official,lightning_indexer,4096,262144,512,0,0,bfloat16,int32,10,maca_c,pass,,,14050.893,14051.994,0.153433,153.433,2155.872,100.0,100.0,
MetaX_C600-U,MetaX C600-U,28,8e7295a7b17a830bf16da573581a24d2dac0cbaa,2220475c460a294b74e57ec06c45393e,official,lightning_indexer,4096,262144,512,0,0,bfloat16,int32,10,torch,pass,,,63855.13,63942.786,0.033762,33.762,,22.0,21.98,
MetaX_C600-U,MetaX C600-U,28,8e7295a7b17a830bf16da573581a24d2dac0cbaa,2220475c460a294b74e57ec06c45393e,official,lightning_indexer,4096,524288,512,0,0,bfloat16,int32,10,maca_c,pass,,,26309.299,26577.716,0.163568,163.568,4303.356,100.0,100.0,
MetaX_C600-U,MetaX C600-U,28,8e7295a7b17a830bf16da573581a24d2dac0cbaa,2220475c460a294b74e57ec06c45393e,official,lightning_indexer,4096,524288,512,0,0,bfloat16,int32,10,torch,pass,,,127488.794,127548.828,0.033755,33.755,,20.64,20.84,
MetaX_C600-U,MetaX C600-U,28,8e7295a7b17a830bf16da573581a24d2dac0cbaa,2220475c460a294b74e57ec06c45393e,official,lightning_indexer,4096,1048576,512,0,0,bfloat16,int32,10,maca_c,pass,,,50895.59,51375.385,0.16894,168.94,8598.323,100.0,100.0,
MetaX_C600-U,MetaX C600-U,28,8e7295a7b17a830bf16da573581a24d2dac0cbaa,2220475c460a294b74e57ec06c45393e,official,lightning_indexer,4096,1048576,512,0,0,bfloat16,int32,10,torch,pass,,,251728.538,251808.496,0.034157,34.157,,20.22,20.4,
MetaX_C600-U,MetaX C600-U,28,8e7295a7b17a830bf16da573581a24d2dac0cbaa,2220475c460a294b74e57ec06c45393e,official,lightning_indexer,6,256,1024,0,0,bfloat16,int32,10,maca_c,pass,,,2.406,80.384,0.011491,11.491,0.028,100.0,100.0,
MetaX_C600-U,MetaX C600-U,28,8e7295a7b17a830bf16da573581a24d2dac0cbaa,2220475c460a294b74e57ec06c45393e,official,lightning_indexer,6,256,1024,0,0,bfloat16,int32,10,torch,pass,,"not applicable: the reference backend needs vocab_size >= topk, no window, no offset (tests/test.py's own guard)",,,,,,,,
MetaX_C600-U,MetaX C600-U,28,8e7295a7b17a830bf16da573581a24d2dac0cbaa,2220475c460a294b74e57ec06c45393e,official,lightning_indexer,6,1024,1024,0,0,bfloat16,int32,10,maca_c,pass,,,2.534,81.024,0.014548,14.548,0.037,100.0,100.0,
MetaX_C600-U,MetaX C600-U,28,8e7295a7b17a830bf16da573581a24d2dac0cbaa,2220475c460a294b74e57ec06c45393e,official,lightning_indexer,6,1024,1024,0,0,bfloat16,int32,10,torch,pass,,,21.376,21.555,0.001725,1.725,,11.85,375.89,
MetaX_C600-U,MetaX C600-U,28,8e7295a7b17a830bf16da573581a24d2dac0cbaa,2220475c460a294b74e57ec06c45393e,official,lightning_indexer,6,4096,1024,0,0,bfloat16,int32,10,maca_c,pass,,,12.544,81.971,0.005878,5.878,0.074,100.0,100.0,
MetaX_C600-U,MetaX C600-U,28,8e7295a7b17a830bf16da573581a24d2dac0cbaa,2220475c460a294b74e57ec06c45393e,official,lightning_indexer,6,4096,1024,0,0,bfloat16,int32,10,torch,pass,,,36.019,35.174,0.002047,2.047,,34.83,233.04,
MetaX_C600-U,MetaX C600-U,28,8e7295a7b17a830bf16da573581a24d2dac0cbaa,2220475c460a294b74e57ec06c45393e,official,lightning_indexer,6,16384,1024,0,0,bfloat16,int32,10,maca_c,pass,,,19.354,80.794,0.011428,11.428,0.221,100.0,100.0,
MetaX_C600-U,MetaX C600-U,28,8e7295a7b17a830bf16da573581a24d2dac0cbaa,2220475c460a294b74e57ec06c45393e,official,lightning_indexer,6,16384,1024,0,0,bfloat16,int32,10,torch,pass,,,92.006,89.114,0.002404,2.404,,21.04,90.66,
MetaX_C600-U,MetaX C600-U,28,8e7295a7b17a830bf16da573581a24d2dac0cbaa,2220475c460a294b74e57ec06c45393e,official,lightning_indexer,6,65536,1024,0,0,bfloat16,int32,10,maca_c,pass,,,36.966,83.046,0.021939,21.939,0.811,100.0,100.0,
MetaX_C600-U,MetaX C600-U,28,8e7295a7b17a830bf16da573581a24d2dac0cbaa,2220475c460a294b74e57ec06c45393e,official,lightning_indexer,6,65536,1024,0,0,bfloat16,int32,10,torch,pass,,,156.698,135.91,0.005176,5.176,,23.59,61.1,
MetaX_C600-U,MetaX C600-U,28,8e7295a7b17a830bf16da573581a24d2dac0cbaa,2220475c460a294b74e57ec06c45393e,official,lightning_indexer,6,131072,1024,0,0,bfloat16,int32,10,maca_c,pass,,,61.056,84.454,0.026164,26.164,1.597,100.0,100.0,
MetaX_C600-U,MetaX C600-U,28,8e7295a7b17a830bf16da573581a24d2dac0cbaa,2220475c460a294b74e57ec06c45393e,official,lightning_indexer,6,131072,1024,0,0,bfloat16,int32,10,torch,pass,,,184.346,165.478,0.008665,8.665,,33.12,51.04,
MetaX_C600-U,MetaX C600-U,28,8e7295a7b17a830bf16da573581a24d2dac0cbaa,2220475c460a294b74e57ec06c45393e,official,lightning_indexer,6,262144,1024,0,0,bfloat16,int32,10,maca_c,pass,,,111.59,144.358,0.02841,28.41,3.17,100.0,100.0,
MetaX_C600-U,MetaX C600-U,28,8e7295a7b17a830bf16da573581a24d2dac0cbaa,2220475c460a294b74e57ec06c45393e,official,lightning_indexer,6,262144,1024,0,0,bfloat16,int32,10,torch,pass,,,250.701,231.936,0.012646,12.646,,44.51,62.24,
MetaX_C600-U,MetaX C600-U,28,8e7295a7b17a830bf16da573581a24d2dac0cbaa,2220475c460a294b74e57ec06c45393e,official,lightning_indexer,6,524288,1024,0,0,bfloat16,int32,10,maca_c,pass,,,174.899,211.814,0.036112,36.112,6.316,100.0,100.0,
MetaX_C600-U,MetaX C600-U,28,8e7295a7b17a830bf16da573581a24d2dac0cbaa,2220475c460a294b74e57ec06c45393e,official,lightning_indexer,6,524288,1024,0,0,bfloat16,int32,10,torch,pass,,,360.371,339.917,0.017526,17.526,,48.53,62.31,
MetaX_C600-U,MetaX C600-U,28,8e7295a7b17a830bf16da573581a24d2dac0cbaa,2220475c460a294b74e57ec06c45393e,official,lightning_indexer,6,1048576,1024,0,0,bfloat16,int32,10,maca_c,pass,,,153.907,198.579,0.081916,81.916,12.607,100.0,100.0,
MetaX_C600-U,MetaX C600-U,28,8e7295a7b17a830bf16da573581a24d2dac0cbaa,2220475c460a294b74e57ec06c45393e,official,lightning_indexer,6,1048576,1024,0,0,bfloat16,int32,10,torch,pass,,,545.562,526.95,0.023109,23.109,,28.21,37.68,
MetaX_C600-U,MetaX C600-U,28,8e7295a7b17a830bf16da573581a24d2dac0cbaa,2220475c460a294b74e57ec06c45393e,official,lightning_indexer,256,256,1024,0,0,bfloat16,int32,10,maca_c,pass,,,5.299,81.51,0.222617,222.617,1.18,100.0,100.0,
MetaX_C600-U,MetaX C600-U,28,8e7295a7b17a830bf16da573581a24d2dac0cbaa,2220475c460a294b74e57ec06c45393e,official,lightning_indexer,256,256,1024,0,0,bfloat16,int32,10,torch,pass,,"not applicable: the reference backend needs vocab_size >= topk, no window, no offset (tests/test.py's own guard)",,,,,,,,
MetaX_C600-U,MetaX C600-U,28,8e7295a7b17a830bf16da573581a24d2dac0cbaa,2220475c460a294b74e57ec06c45393e,official,lightning_indexer,256,1024,1024,0,0,bfloat16,int32,10,maca_c,pass,,,5.274,80.333,0.29823,298.23,1.573,100.0,100.0,
MetaX_C600-U,MetaX C600-U,28,8e7295a7b17a830bf16da573581a24d2dac0cbaa,2220475c460a294b74e57ec06c45393e,official,lightning_indexer,256,1024,1024,0,0,bfloat16,int32,10,torch,pass,,,134.886,136.986,0.011661,11.661,,3.91,58.64,
MetaX_C600-U,MetaX C600-U,28,8e7295a7b17a830bf16da573581a24d2dac0cbaa,2220475c460a294b74e57ec06c45393e,official,lightning_indexer,256,4096,1024,0,0,bfloat16,int32,10,maca_c,pass,,,53.427,85.069,0.058879,58.879,3.146,100.0,100.0,
MetaX_C600-U,MetaX C600-U,28,8e7295a7b17a830bf16da573581a24d2dac0cbaa,2220475c460a294b74e57ec06c45393e,official,lightning_indexer,256,4096,1024,0,0,bfloat16,int32,10,torch,pass,,,267.187,249.037,0.011774,11.774,,20.0,34.16,
MetaX_C600-U,MetaX C600-U,28,8e7295a7b17a830bf16da573581a24d2dac0cbaa,2220475c460a294b74e57ec06c45393e,official,lightning_indexer,256,16384,1024,0,0,bfloat16,int32,10,maca_c,pass,,,104.755,113.869,0.090088,90.088,9.437,100.0,100.0,
MetaX_C600-U,MetaX C600-U,28,8e7295a7b17a830bf16da573581a24d2dac0cbaa,2220475c460a294b74e57ec06c45393e,official,lightning_indexer,256,16384,1024,0,0,bfloat16,int32,10,torch,pass,,,600.576,581.683,0.015714,15.714,,17.44,19.58,
MetaX_C600-U,MetaX C600-U,28,8e7295a7b17a830bf16da573581a24d2dac0cbaa,2220475c460a294b74e57ec06c45393e,official,lightning_indexer,256,65536,1024,0,0,bfloat16,int32,10,maca_c,pass,,,346.394,357.427,0.099895,99.895,34.603,100.0,100.0,
MetaX_C600-U,MetaX C600-U,28,8e7295a7b17a830bf16da573581a24d2dac0cbaa,2220475c460a294b74e57ec06c45393e,official,lightning_indexer,256,65536,1024,0,0,bfloat16,int32,10,torch,pass,,,1283.942,1266.816,0.026951,26.951,,26.98,28.21,
MetaX_C600-U,MetaX C600-U,28,8e7295a7b17a830bf16da573581a24d2dac0cbaa,2220475c460a294b74e57ec06c45393e,official,lightning_indexer,256,131072,1024,0,0,bfloat16,int32,10,maca_c,pass,,,576.717,589.056,0.118182,118.182,68.157,100.0,100.0,
MetaX_C600-U,MetaX C600-U,28,8e7295a7b17a830bf16da573581a24d2dac0cbaa,2220475c460a294b74e57ec06c45393e,official,lightning_indexer,256,131072,1024,0,0,bfloat16,int32,10,torch,pass,,,2229.837,2225.28,0.030566,30.566,,25.86,26.47,
MetaX_C600-U,MetaX C600-U,28,8e7295a7b17a830bf16da573581a24d2dac0cbaa,2220475c460a294b74e57ec06c45393e,official,lightning_indexer,256,262144,1024,0,0,bfloat16,int32,10,maca_c,pass,,,1009.536,1021.389,0.133989,133.989,135.266,100.0,100.0,
MetaX_C600-U,MetaX C600-U,28,8e7295a7b17a830bf16da573581a24d2dac0cbaa,2220475c460a294b74e57ec06c45393e,official,lightning_indexer,256,262144,1024,0,0,bfloat16,int32,10,torch,pass,,,4097.715,4086.016,0.03301,33.01,,24.64,25.0,
MetaX_C600-U,MetaX C600-U,28,8e7295a7b17a830bf16da573581a24d2dac0cbaa,2220475c460a294b74e57ec06c45393e,official,lightning_indexer,256,524288,1024,0,0,bfloat16,int32,10,maca_c,pass,,,1865.088,1877.094,0.144489,144.489,269.484,100.0,100.0,
MetaX_C600-U,MetaX C600-U,28,8e7295a7b17a830bf16da573581a24d2dac0cbaa,2220475c460a294b74e57ec06c45393e,official,lightning_indexer,256,524288,1024,0,0,bfloat16,int32,10,torch,pass,,,7870.464,7877.299,0.03424,34.24,,23.7,23.83,
MetaX_C600-U,MetaX C600-U,28,8e7295a7b17a830bf16da573581a24d2dac0cbaa,2220475c460a294b74e57ec06c45393e,official,lightning_indexer,256,1048576,1024,0,0,bfloat16,int32,10,maca_c,pass,,,3615.334,3669.888,0.148788,148.788,537.919,100.0,100.0,
MetaX_C600-U,MetaX C600-U,28,8e7295a7b17a830bf16da573581a24d2dac0cbaa,2220475c460a294b74e57ec06c45393e,official,lightning_indexer,256,1048576,1024,0,0,bfloat16,int32,10,torch,pass,,,15258.726,15287.502,0.035253,35.253,,23.69,24.01,
MetaX_C600-U,MetaX C600-U,28,8e7295a7b17a830bf16da573581a24d2dac0cbaa,2220475c460a294b74e57ec06c45393e,official,lightning_indexer,512,256,1024,0,0,bfloat16,int32,10,maca_c,pass,,,8.166,81.075,0.288917,288.917,2.359,100.0,100.0,
MetaX_C600-U,MetaX C600-U,28,8e7295a7b17a830bf16da573581a24d2dac0cbaa,2220475c460a294b74e57ec06c45393e,official,lightning_indexer,512,256,1024,0,0,bfloat16,int32,10,torch,pass,,"not applicable: the reference backend needs vocab_size >= topk, no window, no offset (tests/test.py's own guard)",,,,,,,,
MetaX_C600-U,MetaX C600-U,28,8e7295a7b17a830bf16da573581a24d2dac0cbaa,2220475c460a294b74e57ec06c45393e,official,lightning_indexer,512,1024,1024,0,0,bfloat16,int32,10,maca_c,pass,,,8.115,82.406,0.387644,387.644,3.146,100.0,100.0,
MetaX_C600-U,MetaX C600-U,28,8e7295a7b17a830bf16da573581a24d2dac0cbaa,2220475c460a294b74e57ec06c45393e,official,lightning_indexer,512,1024,1024,0,0,bfloat16,int32,10,torch,pass,,,258.227,261.043,0.012182,12.182,,3.14,31.57,
MetaX_C600-U,MetaX C600-U,28,8e7295a7b17a830bf16da573581a24d2dac0cbaa,2220475c460a294b74e57ec06c45393e,official,lightning_indexer,512,4096,1024,0,0,bfloat16,int32,10,maca_c,pass,,,96.947,105.882,0.064896,64.896,6.291,100.0,100.0,
MetaX_C600-U,MetaX C600-U,28,8e7295a7b17a830bf16da573581a24d2dac0cbaa,2220475c460a294b74e57ec06c45393e,official,lightning_indexer,512,4096,1024,0,0,bfloat16,int32,10,torch,pass,,,294.63,277.018,0.021354,21.354,,32.9,38.22,
MetaX_C600-U,MetaX C600-U,28,8e7295a7b17a830bf16da573581a24d2dac0cbaa,2220475c460a294b74e57ec06c45393e,official,lightning_indexer,512,16384,1024,0,0,bfloat16,int32,10,maca_c,pass,,,194.022,204.902,0.09728,97.28,18.874,100.0,100.0,
MetaX_C600-U,MetaX C600-U,28,8e7295a7b17a830bf16da573581a24d2dac0cbaa,2220475c460a294b74e57ec06c45393e,official,lightning_indexer,512,16384,1024,0,0,bfloat16,int32,10,torch,pass,,,724.506,711.501,0.026051,26.051,,26.78,28.8,
MetaX_C600-U,MetaX C600-U,28,8e7295a7b17a830bf16da573581a24d2dac0cbaa,2220475c460a294b74e57ec06c45393e,official,lightning_indexer,512,65536,1024,0,0,bfloat16,int32,10,maca_c,pass,,,659.814,671.488,0.104887,104.887,69.206,100.0,100.0,
MetaX_C600-U,MetaX C600-U,28,8e7295a7b17a830bf16da573581a24d2dac0cbaa,2220475c460a294b74e57ec06c45393e,official,lightning_indexer,512,65536,1024,0,0,bfloat16,int32,10,torch,pass,,,2376.448,2367.974,0.029122,29.122,,27.76,28.36,
MetaX_C600-U,MetaX C600-U,28,8e7295a7b17a830bf16da573581a24d2dac0cbaa,2220475c460a294b74e57ec06c45393e,official,lightning_indexer,512,131072,1024,0,0,bfloat16,int32,10,maca_c,pass,,,1096.934,1107.84,0.124269,124.269,136.315,100.0,100.0,
MetaX_C600-U,MetaX C600-U,28,8e7295a7b17a830bf16da573581a24d2dac0cbaa,2220475c460a294b74e57ec06c45393e,official,lightning_indexer,512,131072,1024,0,0,bfloat16,int32,10,torch,pass,,,4252.467,4239.053,0.032055,32.055,,25.8,26.13,
MetaX_C600-U,MetaX C600-U,28,8e7295a7b17a830bf16da573581a24d2dac0cbaa,2220475c460a294b74e57ec06c45393e,official,lightning_indexer,512,262144,1024,0,0,bfloat16,int32,10,maca_c,pass,,,1919.77,1930.701,0.140919,140.919,270.533,100.0,100.0,
MetaX_C600-U,MetaX C600-U,28,8e7295a7b17a830bf16da573581a24d2dac0cbaa,2220475c460a294b74e57ec06c45393e,official,lightning_indexer,512,262144,1024,0,0,bfloat16,int32,10,torch,pass,,,7991.347,7975.168,0.033853,33.853,,24.02,24.21,
MetaX_C600-U,MetaX C600-U,28,8e7295a7b17a830bf16da573581a24d2dac0cbaa,2220475c460a294b74e57ec06c45393e,official,lightning_indexer,512,524288,1024,0,0,bfloat16,int32,10,maca_c,pass,,,3545.677,3556.762,0.152007,152.007,538.968,100.0,100.0,
MetaX_C600-U,MetaX C600-U,28,8e7295a7b17a830bf16da573581a24d2dac0cbaa,2220475c460a294b74e57ec06c45393e,official,lightning_indexer,512,524288,1024,0,0,bfloat16,int32,10,torch,pass,,,15491.942,15530.009,0.03479,34.79,,22.89,22.9,
MetaX_C600-U,MetaX C600-U,28,8e7295a7b17a830bf16da573581a24d2dac0cbaa,2220475c460a294b74e57ec06c45393e,official,lightning_indexer,512,1048576,1024,0,0,bfloat16,int32,10,maca_c,pass,,,6828.442,6904.884,0.157553,157.553,1075.839,100.0,100.0,
MetaX_C600-U,MetaX C600-U,28,8e7295a7b17a830bf16da573581a24d2dac0cbaa,2220475c460a294b74e57ec06c45393e,official,lightning_indexer,512,1048576,1024,0,0,bfloat16,int32,10,torch,pass,,,30784.64,30898.279,0.034947,34.947,,22.18,22.35,
MetaX_C600-U,MetaX C600-U,28,8e7295a7b17a830bf16da573581a24d2dac0cbaa,2220475c460a294b74e57ec06c45393e,official,lightning_indexer,768,256,1024,0,0,bfloat16,int32,10,maca_c,pass,,,11.034,84.634,0.320731,320.731,3.539,100.0,100.0,
MetaX_C600-U,MetaX C600-U,28,8e7295a7b17a830bf16da573581a24d2dac0cbaa,2220475c460a294b74e57ec06c45393e,official,lightning_indexer,768,256,1024,0,0,bfloat16,int32,10,torch,pass,,"not applicable: the reference backend needs vocab_size >= topk, no window, no offset (tests/test.py's own guard)",,,,,,,,
MetaX_C600-U,MetaX C600-U,28,8e7295a7b17a830bf16da573581a24d2dac0cbaa,2220475c460a294b74e57ec06c45393e,official,lightning_indexer,768,1024,1024,0,0,bfloat16,int32,10,maca_c,pass,,,10.982,81.28,0.429666,429.666,4.719,100.0,100.0,
MetaX_C600-U,MetaX C600-U,28,8e7295a7b17a830bf16da573581a24d2dac0cbaa,2220475c460a294b74e57ec06c45393e,official,lightning_indexer,768,1024,1024,0,0,bfloat16,int32,10,torch,pass,,,381.491,383.411,0.012369,12.369,,2.88,21.2,
MetaX_C600-U,MetaX C600-U,28,8e7295a7b17a830bf16da573581a24d2dac0cbaa,2220475c460a294b74e57ec06c45393e,official,lightning_indexer,768,4096,1024,0,0,bfloat16,int32,10,maca_c,pass,,,140.314,149.811,0.067258,67.258,9.437,100.0,100.0,
MetaX_C600-U,MetaX C600-U,28,8e7295a7b17a830bf16da573581a24d2dac0cbaa,2220475c460a294b74e57ec06c45393e,official,lightning_indexer,768,4096,1024,0,0,bfloat16,int32,10,torch,pass,,,369.536,354.381,0.025538,25.538,,37.97,42.27,
MetaX_C600-U,MetaX C600-U,28,8e7295a7b17a830bf16da573581a24d2dac0cbaa,2220475c460a294b74e57ec06c45393e,official,lightning_indexer,768,16384,1024,0,0,bfloat16,int32,10,maca_c,pass,,,283.11,292.71,0.100002,100.002,28.312,100.0,100.0,
MetaX_C600-U,MetaX C600-U,28,8e7295a7b17a830bf16da573581a24d2dac0cbaa,2220475c460a294b74e57ec06c45393e,official,lightning_indexer,768,16384,1024,0,0,bfloat16,int32,10,torch,pass,,,966.938,949.376,0.02928,29.28,,29.28,30.83,
MetaX_C600-U,MetaX C600-U,28,8e7295a7b17a830bf16da573581a24d2dac0cbaa,2220475c460a294b74e57ec06c45393e,official,lightning_indexer,768,65536,1024,0,0,bfloat16,int32,10,maca_c,pass,,,971.034,984.115,0.106906,106.906,103.809,100.0,100.0,
MetaX_C600-U,MetaX C600-U,28,8e7295a7b17a830bf16da573581a24d2dac0cbaa,2220475c460a294b74e57ec06c45393e,official,lightning_indexer,768,65536,1024,0,0,bfloat16,int32,10,torch,pass,,,3473.331,3456.768,0.029887,29.887,,27.96,28.47,
MetaX_C600-U,MetaX C600-U,28,8e7295a7b17a830bf16da573581a24d2dac0cbaa,2220475c460a294b74e57ec06c45393e,official,lightning_indexer,768,131072,1024,0,0,bfloat16,int32,10,maca_c,pass,,,1614.874,1630.49,0.126618,126.618,204.472,100.0,100.0,
MetaX_C600-U,MetaX C600-U,28,8e7295a7b17a830bf16da573581a24d2dac0cbaa,2220475c460a294b74e57ec06c45393e,official,lightning_indexer,768,131072,1024,0,0,bfloat16,int32,10,torch,pass,,,6277.914,6265.933,0.03257,32.57,,25.72,26.02,
MetaX_C600-U,MetaX C600-U,28,8e7295a7b17a830bf16da573581a24d2dac0cbaa,2220475c460a294b74e57ec06c45393e,official,lightning_indexer,768,262144,1024,0,0,bfloat16,int32,10,maca_c,pass,,,2829.85,2838.042,0.143399,143.399,405.799,100.0,100.0,
MetaX_C600-U,MetaX C600-U,28,8e7295a7b17a830bf16da573581a24d2dac0cbaa,2220475c460a294b74e57ec06c45393e,official,lightning_indexer,768,262144,1024,0,0,bfloat16,int32,10,torch,pass,,,11914.675,11936.64,0.034059,34.059,,23.75,23.78,
MetaX_C600-U,MetaX C600-U,28,8e7295a7b17a830bf16da573581a24d2dac0cbaa,2220475c460a294b74e57ec06c45393e,official,lightning_indexer,768,524288,1024,0,0,bfloat16,int32,10,maca_c,pass,,,5220.557,5233.306,0.154859,154.859,808.452,100.0,100.0,
MetaX_C600-U,MetaX C600-U,28,8e7295a7b17a830bf16da573581a24d2dac0cbaa,2220475c460a294b74e57ec06c45393e,official,lightning_indexer,768,524288,1024,0,0,bfloat16,int32,10,torch,pass,,,23072.41,23139.124,0.03504,35.04,,22.63,22.62,
MetaX_C600-U,MetaX C600-U,28,8e7295a7b17a830bf16da573581a24d2dac0cbaa,2220475c460a294b74e57ec06c45393e,official,lightning_indexer,768,1048576,1024,0,0,bfloat16,int32,10,maca_c,pass,,,10034.406,10029.773,0.160823,160.823,1613.758,100.0,100.0,
MetaX_C600-U,MetaX C600-U,28,8e7295a7b17a830bf16da573581a24d2dac0cbaa,2220475c460a294b74e57ec06c45393e,official,lightning_indexer,768,1048576,1024,0,0,bfloat16,int32,10,torch,pass,,,45424.256,45521.561,0.035526,35.526,,22.09,22.03,
MetaX_C600-U,MetaX C600-U,28,8e7295a7b17a830bf16da573581a24d2dac0cbaa,2220475c460a294b74e57ec06c45393e,official,lightning_indexer,4096,256,1024,0,0,bfloat16,int32,10,maca_c,pass,,,48.0,83.661,0.393216,393.216,18.874,100.0,100.0,
MetaX_C600-U,MetaX C600-U,28,8e7295a7b17a830bf16da573581a24d2dac0cbaa,2220475c460a294b74e57ec06c45393e,official,lightning_indexer,4096,256,1024,0,0,bfloat16,int32,10,torch,pass,,"not applicable: the reference backend needs vocab_size >= topk, no window, no offset (tests/test.py's own guard)",,,,,,,,
MetaX_C600-U,MetaX C600-U,28,8e7295a7b17a830bf16da573581a24d2dac0cbaa,2220475c460a294b74e57ec06c45393e,official,lightning_indexer,4096,1024,1024,0,0,bfloat16,int32,10,maca_c,pass,,,48.0,84.403,0.524288,524.288,25.166,100.0,100.0,
MetaX_C600-U,MetaX C600-U,28,8e7295a7b17a830bf16da573581a24d2dac0cbaa,2220475c460a294b74e57ec06c45393e,official,lightning_indexer,4096,1024,1024,0,0,bfloat16,int32,10,torch,pass,,,672.307,652.467,0.037432,37.432,,7.14,12.94,
MetaX_C600-U,MetaX C600-U,28,8e7295a7b17a830bf16da573581a24d2dac0cbaa,2220475c460a294b74e57ec06c45393e,official,lightning_indexer,4096,4096,1024,0,0,bfloat16,int32,10,maca_c,pass,,,708.019,717.107,0.071088,71.088,50.332,100.0,100.0,
MetaX_C600-U,MetaX C600-U,28,8e7295a7b17a830bf16da573581a24d2dac0cbaa,2220475c460a294b74e57ec06c45393e,official,lightning_indexer,4096,4096,1024,0,0,bfloat16,int32,10,torch,pass,,,1368.371,1354.624,0.036782,36.782,,51.74,52.94,
MetaX_C600-U,MetaX C600-U,28,8e7295a7b17a830bf16da573581a24d2dac0cbaa,2220475c460a294b74e57ec06c45393e,official,lightning_indexer,4096,16384,1024,0,0,bfloat16,int32,10,maca_c,pass,,,1445.862,1457.741,0.104432,104.432,150.995,100.0,100.0,
MetaX_C600-U,MetaX C600-U,28,8e7295a7b17a830bf16da573581a24d2dac0cbaa,2220475c460a294b74e57ec06c45393e,official,lightning_indexer,4096,16384,1024,0,0,bfloat16,int32,10,torch,pass,,,4247.398,4239.027,0.03555,35.55,,34.04,34.39,
MetaX_C600-U,MetaX C600-U,28,8e7295a7b17a830bf16da573581a24d2dac0cbaa,2220475c460a294b74e57ec06c45393e,official,lightning_indexer,4096,65536,1024,0,0,bfloat16,int32,10,maca_c,pass,,,5066.419,5088.512,0.109278,109.278,553.648,100.0,100.0,
MetaX_C600-U,MetaX C600-U,28,8e7295a7b17a830bf16da573581a24d2dac0cbaa,2220475c460a294b74e57ec06c45393e,official,lightning_indexer,4096,65536,1024,0,0,bfloat16,int32,10,torch,pass,,,17579.853,17608.525,0.031493,31.493,,28.82,28.9,
MetaX_C600-U,MetaX C600-U,28,8e7295a7b17a830bf16da573581a24d2dac0cbaa,2220475c460a294b74e57ec06c45393e,official,lightning_indexer,4096,131072,1024,0,0,bfloat16,int32,10,maca_c,pass,,,8409.83,8417.28,0.129672,129.672,1090.519,100.0,100.0,
MetaX_C600-U,MetaX C600-U,28,8e7295a7b17a830bf16da573581a24d2dac0cbaa,2220475c460a294b74e57ec06c45393e,official,lightning_indexer,4096,131072,1024,0,0,bfloat16,int32,10,torch,pass,,,32669.414,32778.497,0.03338,33.38,,25.74,25.68,
MetaX_C600-U,MetaX C600-U,28,8e7295a7b17a830bf16da573581a24d2dac0cbaa,2220475c460a294b74e57ec06c45393e,official,lightning_indexer,4096,262144,1024,0,0,bfloat16,int32,10,maca_c,pass,,,14751.821,14773.581,0.146711,146.711,2164.261,100.0,100.0,
MetaX_C600-U,MetaX C600-U,28,8e7295a7b17a830bf16da573581a24d2dac0cbaa,2220475c460a294b74e57ec06c45393e,official,lightning_indexer,4096,262144,1024,0,0,bfloat16,int32,10,torch,pass,,,64379.648,64475.494,0.033617,33.617,,22.91,22.91,
MetaX_C600-U,MetaX C600-U,28,8e7295a7b17a830bf16da573581a24d2dac0cbaa,2220475c460a294b74e57ec06c45393e,official,lightning_indexer,4096,524288,1024,0,0,bfloat16,int32,10,maca_c,pass,,,27121.664,27363.226,0.158978,158.978,4311.745,100.0,100.0,
MetaX_C600-U,MetaX C600-U,28,8e7295a7b17a830bf16da573581a24d2dac0cbaa,2220475c460a294b74e57ec06c45393e,official,lightning_indexer,4096,524288,1024,0,0,bfloat16,int32,10,torch,pass,,,128622.592,128702.93,0.033522,33.522,,21.09,21.26,
MetaX_C600-U,MetaX C600-U,28,8e7295a7b17a830bf16da573581a24d2dac0cbaa,2220475c460a294b74e57ec06c45393e,official,lightning_indexer,4096,1048576,1024,0,0,bfloat16,int32,10,maca_c,pass,,,51706.061,52176.154,0.166455,166.455,8606.712,100.0,100.0,
MetaX_C600-U,MetaX C600-U,28,8e7295a7b17a830bf16da573581a24d2dac0cbaa,2220475c460a294b74e57ec06c45393e,official,lightning_indexer,4096,1048576,1024,0,0,bfloat16,int32,10,torch,pass,,,252842.086,252951.44,0.03404,34.04,,20.45,20.63,
MetaX_C600-U,MetaX C600-U,28,8e7295a7b17a830bf16da573581a24d2dac0cbaa,2220475c460a294b74e57ec06c45393e,official,sampler,6,129280,512,1,1,float32,int64,10,maca_c,pass,,,70.886,122.906,0.044291,44.291,3.14,100.0,100.0,
MetaX_C600-U,MetaX C600-U,28,8e7295a7b17a830bf16da573581a24d2dac0cbaa,2220475c460a294b74e57ec06c45393e,official,sampler,6,129280,512,1,1,float32,int64,10,torch,pass,,,265.907,263.91,0.011807,11.807,,26.66,46.57,
MetaX_C600-U,MetaX C600-U,28,8e7295a7b17a830bf16da573581a24d2dac0cbaa,2220475c460a294b74e57ec06c45393e,official,sampler,256,129280,512,1,1,float32,int64,10,maca_c,pass,,,483.046,508.928,0.277314,277.314,133.956,100.0,100.0,
MetaX_C600-U,MetaX C600-U,28,8e7295a7b17a830bf16da573581a24d2dac0cbaa,2220475c460a294b74e57ec06c45393e,official,sampler,256,129280,512,1,1,float32,int64,10,torch,pass,,,2952.064,3007.821,0.045377,45.377,,16.36,16.92,
MetaX_C600-U,MetaX C600-U,28,8e7295a7b17a830bf16da573581a24d2dac0cbaa,2220475c460a294b74e57ec06c45393e,official,sampler,512,129280,512,1,1,float32,int64,10,maca_c,pass,,,878.771,906.342,0.30487,304.87,267.911,100.0,100.0,
MetaX_C600-U,MetaX C600-U,28,8e7295a7b17a830bf16da573581a24d2dac0cbaa,2220475c460a294b74e57ec06c45393e,official,sampler,512,129280,512,1,1,float32,int64,10,torch,pass,,,5599.795,5701.683,0.047843,47.843,,15.69,15.9,
MetaX_C600-U,MetaX C600-U,28,8e7295a7b17a830bf16da573581a24d2dac0cbaa,2220475c460a294b74e57ec06c45393e,official,sampler,768,129280,512,1,1,float32,int64,10,maca_c,pass,,,1280.947,1305.523,0.313726,313.726,401.867,100.0,100.0,
MetaX_C600-U,MetaX C600-U,28,8e7295a7b17a830bf16da573581a24d2dac0cbaa,2220475c460a294b74e57ec06c45393e,official,sampler,768,129280,512,1,1,float32,int64,10,torch,pass,,,8279.757,8443.443,0.048536,48.536,,15.47,15.46,
MetaX_C600-U,MetaX C600-U,28,8e7295a7b17a830bf16da573581a24d2dac0cbaa,2220475c460a294b74e57ec06c45393e,official,sampler,4096,129280,512,1,1,float32,int64,10,maca_c,pass,,,6501.53,6538.214,0.329659,329.659,2143.289,100.0,100.0,
MetaX_C600-U,MetaX C600-U,28,8e7295a7b17a830bf16da573581a24d2dac0cbaa,2220475c460a294b74e57ec06c45393e,official,sampler,4096,129280,512,1,1,float32,int64,10,torch,pass,,,42831.027,43817.88,0.050041,50.041,,15.18,14.92,
MetaX_C600-U,MetaX C600-U,28,8e7295a7b17a830bf16da573581a24d2dac0cbaa,2220475c460a294b74e57ec06c45393e,deep_gemm_axes,lightning_indexer,1,66551,2048,0,0,float32,int32,10,maca_c,pass,,,57.549,98.227,0.004768,4.768,0.274,100.0,100.0,
MetaX_C600-U,MetaX C600-U,28,8e7295a7b17a830bf16da573581a24d2dac0cbaa,2220475c460a294b74e57ec06c45393e,deep_gemm_axes,lightning_indexer,1,66551,2048,0,0,float32,int32,10,torch,pass,,,179.123,149.248,0.001532,1.532,,32.13,65.81,
MetaX_C600-U,MetaX C600-U,28,8e7295a7b17a830bf16da573581a24d2dac0cbaa,2220475c460a294b74e57ec06c45393e,deep_gemm_axes,lightning_indexer,16,66551,2048,0,0,float32,int32,10,maca_c,pass,,,59.648,93.184,0.073604,73.604,4.39,100.0,100.0,
MetaX_C600-U,MetaX C600-U,28,8e7295a7b17a830bf16da573581a24d2dac0cbaa,2220475c460a294b74e57ec06c45393e,deep_gemm_axes,lightning_indexer,16,66551,2048,0,0,float32,int32,10,torch,pass,,,299.648,297.651,0.014652,14.652,,19.91,31.31,
MetaX_C600-U,MetaX C600-U,28,8e7295a7b17a830bf16da573581a24d2dac0cbaa,2220475c460a294b74e57ec06c45393e,deep_gemm_axes,lightning_indexer,132,66551,2048,0,0,float32,int32,10,maca_c,pass,,,148.07,169.19,0.244616,244.616,36.22,100.0,100.0,
MetaX_C600-U,MetaX C600-U,28,8e7295a7b17a830bf16da573581a24d2dac0cbaa,2220475c460a294b74e57ec06c45393e,deep_gemm_axes,lightning_indexer,132,66551,2048,0,0,float32,int32,10,torch,pass,,,1012.173,1181.261,0.035785,35.785,,14.63,14.32,
MetaX_C600-U,MetaX C600-U,28,8e7295a7b17a830bf16da573581a24d2dac0cbaa,2220475c460a294b74e57ec06c45393e,deep_gemm_axes,lightning_indexer,512,66551,2048,0,0,float32,int32,10,maca_c,pass,,,481.638,505.216,0.291694,291.694,140.491,100.0,100.0,
MetaX_C600-U,MetaX C600-U,28,8e7295a7b17a830bf16da573581a24d2dac0cbaa,2220475c460a294b74e57ec06c45393e,deep_gemm_axes,lightning_indexer,512,66551,2048,0,0,float32,int32,10,torch,pass,,,3009.766,3751.091,0.046678,46.678,,16.0,13.47,
MetaX_C600-U,MetaX C600-U,28,8e7295a7b17a830bf16da573581a24d2dac0cbaa,2220475c460a294b74e57ec06c45393e,deep_gemm_axes,lightning_indexer,1,131072,2048,0,0,float32,int32,10,maca_c,pass,,,95.411,112.614,0.005581,5.581,0.532,100.0,100.0,sglang-bs1-seq2048: that grid declares a window; this ranks the whole row
MetaX_C600-U,MetaX C600-U,28,8e7295a7b17a830bf16da573581a24d2dac0cbaa,2220475c460a294b74e57ec06c45393e,deep_gemm_axes,lightning_indexer,1,131072,2048,0,0,float32,int32,10,torch,pass,,,191.258,158.131,0.002784,2.784,,49.89,71.22,sglang-bs1-seq2048: that grid declares a window; this ranks the whole row
MetaX_C600-U,MetaX C600-U,28,8e7295a7b17a830bf16da573581a24d2dac0cbaa,2220475c460a294b74e57ec06c45393e,deep_gemm_axes,lightning_indexer,1,131072,2048,0,0,float32,int32,10,maca_c,pass,,,95.386,112.742,0.005582,5.582,0.532,100.0,100.0,sglang-bs1-seq4096: that grid declares a window; this ranks the whole row
MetaX_C600-U,MetaX C600-U,28,8e7295a7b17a830bf16da573581a24d2dac0cbaa,2220475c460a294b74e57ec06c45393e,deep_gemm_axes,lightning_indexer,1,131072,2048,0,0,float32,int32,10,torch,pass,,,188.979,157.235,0.002818,2.818,,50.47,71.7,sglang-bs1-seq4096: that grid declares a window; this ranks the whole row
MetaX_C600-U,MetaX C600-U,28,8e7295a7b17a830bf16da573581a24d2dac0cbaa,2220475c460a294b74e57ec06c45393e,deep_gemm_axes,lightning_indexer,1,131072,2048,0,0,float32,int32,10,maca_c,pass,,,103.654,121.216,0.005137,5.137,0.532,100.0,100.0,sglang-bs1-seq16384: that grid declares a window; this ranks the whole row
MetaX_C600-U,MetaX C600-U,28,8e7295a7b17a830bf16da573581a24d2dac0cbaa,2220475c460a294b74e57ec06c45393e,deep_gemm_axes,lightning_indexer,1,131072,2048,0,0,float32,int32,10,torch,pass,,,188.646,158.387,0.002823,2.823,,54.95,76.53,sglang-bs1-seq16384: that grid declares a window; this ranks the whole row
MetaX_C600-U,MetaX C600-U,28,8e7295a7b17a830bf16da573581a24d2dac0cbaa,2220475c460a294b74e57ec06c45393e,deep_gemm_axes,lightning_indexer,1,131072,2048,0,0,float32,int32,10,maca_c,pass,,,94.72,111.923,0.005622,5.622,0.532,100.0,100.0,sglang-bs1-seq65536: that grid declares a window; this ranks the whole row
MetaX_C600-U,MetaX C600-U,28,8e7295a7b17a830bf16da573581a24d2dac0cbaa,2220475c460a294b74e57ec06c45393e,deep_gemm_axes,lightning_indexer,1,131072,2048,0,0,float32,int32,10,torch,pass,,,189.03,156.058,0.002817,2.817,,50.11,71.72,sglang-bs1-seq65536: that grid declares a window; this ranks the whole row
MetaX_C600-U,MetaX C600-U,28,8e7295a7b17a830bf16da573581a24d2dac0cbaa,2220475c460a294b74e57ec06c45393e,deep_gemm_axes,lightning_indexer,132,131072,2048,0,0,float32,int32,10,maca_c,pass,,,259.251,283.392,0.271117,271.117,70.287,100.0,100.0,sglang-bs132-seq2048: that grid declares a window; this ranks the whole row
MetaX_C600-U,MetaX C600-U,28,8e7295a7b17a830bf16da573581a24d2dac0cbaa,2220475c460a294b74e57ec06c45393e,deep_gemm_axes,lightning_indexer,132,131072,2048,0,0,float32,int32,10,torch,pass,,,1677.03,1656.269,0.041912,41.912,,15.46,17.11,sglang-bs132-seq2048: that grid declares a window; this ranks the whole row
MetaX_C600-U,MetaX C600-U,28,8e7295a7b17a830bf16da573581a24d2dac0cbaa,2220475c460a294b74e57ec06c45393e,deep_gemm_axes,lightning_indexer,132,131072,2048,0,0,float32,int32,10,maca_c,pass,,,258.944,280.832,0.271438,271.438,70.287,100.0,100.0,sglang-bs132-seq4096: that grid declares a window; this ranks the whole row
MetaX_C600-U,MetaX C600-U,28,8e7295a7b17a830bf16da573581a24d2dac0cbaa,2220475c460a294b74e57ec06c45393e,deep_gemm_axes,lightning_indexer,132,131072,2048,0,0,float32,int32,10,torch,pass,,,1673.318,1648.64,0.042005,42.005,,15.47,17.03,sglang-bs132-seq4096: that grid declares a window; this ranks the whole row
MetaX_C600-U,MetaX C600-U,28,8e7295a7b17a830bf16da573581a24d2dac0cbaa,2220475c460a294b74e57ec06c45393e,deep_gemm_axes,lightning_indexer,132,131072,2048,0,0,float32,int32,10,maca_c,pass,,,259.226,280.243,0.271143,271.143,70.287,100.0,100.0,sglang-bs132-seq16384: that grid declares a window; this ranks the whole row
MetaX_C600-U,MetaX C600-U,28,8e7295a7b17a830bf16da573581a24d2dac0cbaa,2220475c460a294b74e57ec06c45393e,deep_gemm_axes,lightning_indexer,132,131072,2048,0,0,float32,int32,10,torch,pass,,,1686.758,1664.051,0.04167,41.67,,15.37,16.84,sglang-bs132-seq16384: that grid declares a window; this ranks the whole row
MetaX_C600-U,MetaX C600-U,28,8e7295a7b17a830bf16da573581a24d2dac0cbaa,2220475c460a294b74e57ec06c45393e,deep_gemm_axes,lightning_indexer,132,131072,2048,0,0,float32,int32,10,maca_c,pass,,,258.97,281.651,0.271411,271.411,70.287,100.0,100.0,sglang-bs132-seq65536: that grid declares a window; this ranks the whole row
MetaX_C600-U,MetaX C600-U,28,8e7295a7b17a830bf16da573581a24d2dac0cbaa,2220475c460a294b74e57ec06c45393e,deep_gemm_axes,lightning_indexer,132,131072,2048,0,0,float32,int32,10,torch,pass,,,1690.547,1665.613,0.041577,41.577,,15.32,16.91,sglang-bs132-seq65536: that grid declares a window; this ranks the whole row
MetaX_C600-U,MetaX C600-U,28,8e7295a7b17a830bf16da573581a24d2dac0cbaa,2220475c460a294b74e57ec06c45393e,deep_gemm_axes,lightning_indexer,256,131072,2048,0,0,float32,int32,10,maca_c,pass,,,473.37,494.259,0.287967,287.967,136.315,100.0,100.0,sglang-bs256-seq2048: that grid declares a window; this ranks the whole row
MetaX_C600-U,MetaX C600-U,28,8e7295a7b17a830bf16da573581a24d2dac0cbaa,2220475c460a294b74e57ec06c45393e,deep_gemm_axes,lightning_indexer,256,131072,2048,0,0,float32,int32,10,torch,pass,,,3012.608,2983.962,0.045248,45.248,,15.71,16.56,sglang-bs256-seq2048: that grid declares a window; this ranks the whole row
MetaX_C600-U,MetaX C600-U,28,8e7295a7b17a830bf16da573581a24d2dac0cbaa,2220475c460a294b74e57ec06c45393e,deep_gemm_axes,lightning_indexer,256,131072,2048,0,0,float32,int32,10,maca_c,pass,,,474.163,495.104,0.287485,287.485,136.315,100.0,100.0,sglang-bs256-seq4096: that grid declares a window; this ranks the whole row
MetaX_C600-U,MetaX C600-U,28,8e7295a7b17a830bf16da573581a24d2dac0cbaa,2220475c460a294b74e57ec06c45393e,deep_gemm_axes,lightning_indexer,256,131072,2048,0,0,float32,int32,10,torch,pass,,,3011.098,2989.03,0.045271,45.271,,15.75,16.56,sglang-bs256-seq4096: that grid declares a window; this ranks the whole row
MetaX_C600-U,MetaX C600-U,28,8e7295a7b17a830bf16da573581a24d2dac0cbaa,2220475c460a294b74e57ec06c45393e,deep_gemm_axes,lightning_indexer,256,131072,2048,0,0,float32,int32,10,maca_c,pass,,,473.702,497.946,0.287765,287.765,136.315,100.0,100.0,sglang-bs256-seq16384: that grid declares a window; this ranks the whole row
MetaX_C600-U,MetaX C600-U,28,8e7295a7b17a830bf16da573581a24d2dac0cbaa,2220475c460a294b74e57ec06c45393e,deep_gemm_axes,lightning_indexer,256,131072,2048,0,0,float32,int32,10,torch,pass,,,3007.898,2987.725,0.045319,45.319,,15.75,16.67,sglang-bs256-seq16384: that grid declares a window; this ranks the whole row
MetaX_C600-U,MetaX C600-U,28,8e7295a7b17a830bf16da573581a24d2dac0cbaa,2220475c460a294b74e57ec06c45393e,deep_gemm_axes,lightning_indexer,256,131072,2048,0,0,float32,int32,10,maca_c,pass,,,476.109,499.251,0.28631,286.31,136.315,100.0,100.0,sglang-bs256-seq65536: that grid declares a window; this ranks the whole row
MetaX_C600-U,MetaX C600-U,28,8e7295a7b17a830bf16da573581a24d2dac0cbaa,2220475c460a294b74e57ec06c45393e,deep_gemm_axes,lightning_indexer,256,131072,2048,0,0,float32,int32,10,torch,pass,,,3001.421,2982.707,0.045417,45.417,,15.86,16.74,sglang-bs256-seq65536: that grid declares a window; this ranks the whole row
MetaX_C600-U,MetaX C600-U,28,8e7295a7b17a830bf16da573581a24d2dac0cbaa,2220475c460a294b74e57ec06c45393e,deep_gemm_axes,lightning_indexer,4096,131072,2048,0,0,float32,int32,10,maca_c,pass,,,6318.31,6345.037,0.345193,345.193,2181.038,100.0,100.0,sglang-bs4096-seq2048: that grid declares a window; this ranks the whole row
MetaX_C600-U,MetaX C600-U,28,8e7295a7b17a830bf16da573581a24d2dac0cbaa,2220475c460a294b74e57ec06c45393e,deep_gemm_axes,lightning_indexer,4096,131072,2048,0,0,float32,int32,10,torch,pass,,,43631.565,43907.993,0.049988,49.988,,14.48,14.45,sglang-bs4096-seq2048: that grid declares a window; this ranks the whole row
MetaX_C600-U,MetaX C600-U,28,8e7295a7b17a830bf16da573581a24d2dac0cbaa,2220475c460a294b74e57ec06c45393e,deep_gemm_axes,lightning_indexer,4096,131072,2048,0,0,float32,int32,10,maca_c,pass,,,6309.734,6327.962,0.345662,345.662,2181.038,100.0,100.0,sglang-bs4096-seq4096: that grid declares a window; this ranks the whole row
MetaX_C600-U,MetaX C600-U,28,8e7295a7b17a830bf16da573581a24d2dac0cbaa,2220475c460a294b74e57ec06c45393e,deep_gemm_axes,lightning_indexer,4096,131072,2048,0,0,float32,int32,10,torch,pass,,,43757.926,43958.734,0.049843,49.843,,14.42,14.4,sglang-bs4096-seq4096: that grid declares a window; this ranks the whole row
MetaX_C600-U,MetaX C600-U,28,8e7295a7b17a830bf16da573581a24d2dac0cbaa,2220475c460a294b74e57ec06c45393e,deep_gemm_axes,lightning_indexer,4096,131072,2048,0,0,float32,int32,10,maca_c,pass,,,6336.102,6355.482,0.344224,344.224,2181.038,100.0,100.0,sglang-bs4096-seq16384: that grid declares a window; this ranks the whole row
MetaX_C600-U,MetaX C600-U,28,8e7295a7b17a830bf16da573581a24d2dac0cbaa,2220475c460a294b74e57ec06c45393e,deep_gemm_axes,lightning_indexer,4096,131072,2048,0,0,float32,int32,10,torch,pass,,,43749.35,43939.532,0.049853,49.853,,14.48,14.46,sglang-bs4096-seq16384: that grid declares a window; this ranks the whole row
MetaX_C600-U,MetaX C600-U,28,8e7295a7b17a830bf16da573581a24d2dac0cbaa,2220475c460a294b74e57ec06c45393e,deep_gemm_axes,lightning_indexer,4096,131072,2048,0,0,float32,int32,10,maca_c,pass,,,6322.944,6339.021,0.34494,344.94,2181.038,100.0,100.0,sglang-bs4096-seq65536: that grid declares a window; this ranks the whole row
MetaX_C600-U,MetaX C600-U,28,8e7295a7b17a830bf16da573581a24d2dac0cbaa,2220475c460a294b74e57ec06c45393e,deep_gemm_axes,lightning_indexer,4096,131072,2048,0,0,float32,int32,10,torch,pass,,,43670.886,43911.169,0.049943,49.943,,14.48,14.44,sglang-bs4096-seq65536: that grid declares a window; this ranks the whole row
MetaX_C600-U,MetaX C600-U,28,8e7295a7b17a830bf16da573581a24d2dac0cbaa,2220475c460a294b74e57ec06c45393e,deep_gemm_axes,lightning_indexer,1,107520,2048,0,0,float32,int32,10,maca_c,pass,,,66.662,98.637,0.006575,6.575,0.438,100.0,100.0,
MetaX_C600-U,MetaX C600-U,28,8e7295a7b17a830bf16da573581a24d2dac0cbaa,2220475c460a294b74e57ec06c45393e,deep_gemm_axes,lightning_indexer,1,107520,2048,0,0,float32,int32,10,torch,pass,,,187.981,157.568,0.002331,2.331,,35.46,62.6,
MetaX_C600-U,MetaX C600-U,28,8e7295a7b17a830bf16da573581a24d2dac0cbaa,2220475c460a294b74e57ec06c45393e,deep_gemm_axes,lightning_indexer,16,66551,2048,0,0,float32,int32,10,maca_c,pass,,,59.878,91.93,0.073321,73.321,4.39,100.0,100.0,
MetaX_C600-U,MetaX C600-U,28,8e7295a7b17a830bf16da573581a24d2dac0cbaa,2220475c460a294b74e57ec06c45393e,deep_gemm_axes,lightning_indexer,16,66551,2048,0,0,float32,int32,10,torch,pass,,,294.707,293.171,0.014897,14.897,,20.32,31.36,
MetaX_C600-U,MetaX C600-U,28,8e7295a7b17a830bf16da573581a24d2dac0cbaa,2220475c460a294b74e57ec06c45393e,deep_gemm_axes,lightning_indexer,132,107520,2048,0,0,float32,int32,10,maca_c,pass,,,218.931,242.022,0.264247,264.247,57.852,100.0,100.0,
MetaX_C600-U,MetaX C600-U,28,8e7295a7b17a830bf16da573581a24d2dac0cbaa,2220475c460a294b74e57ec06c45393e,deep_gemm_axes,lightning_indexer,132,107520,2048,0,0,float32,int32,10,torch,pass,,,1421.389,1391.002,0.040701,40.701,,15.4,17.4,
MetaX_C600-U,MetaX C600-U,28,8e7295a7b17a830bf16da573581a24d2dac0cbaa,2220475c460a294b74e57ec06c45393e,deep_gemm_axes,lightning_indexer,256,107520,2048,0,0,float32,int32,10,maca_c,pass,,,399.002,421.274,0.281196,281.196,112.198,100.0,100.0,
MetaX_C600-U,MetaX C600-U,28,8e7295a7b17a830bf16da573581a24d2dac0cbaa,2220475c460a294b74e57ec06c45393e,deep_gemm_axes,lightning_indexer,256,107520,2048,0,0,float32,int32,10,torch,pass,,,2457.882,2431.206,0.045648,45.648,,16.23,17.33,
MetaX_C600-U,MetaX C600-U,28,8e7295a7b17a830bf16da573581a24d2dac0cbaa,2220475c460a294b74e57ec06c45393e,deep_gemm_axes,lightning_indexer,4096,107520,2048,0,0,float32,int32,10,maca_c,pass,,,5311.36,5327.949,0.337985,337.985,1795.162,100.0,100.0,
MetaX_C600-U,MetaX C600-U,28,8e7295a7b17a830bf16da573581a24d2dac0cbaa,2220475c460a294b74e57ec06c45393e,deep_gemm_axes,lightning_indexer,4096,107520,2048,0,0,float32,int32,10,torch,pass,,,34762.163,34975.488,0.051641,51.641,,15.28,15.23,
