chip,device_name,sm_count,git_commit,extension_md5,case_source,family,n_rows,n_cols,top_k,sorted_value,return_value,input_dtype,index_dtype,num_runs,backend,status,error_type,error_message,time(us),throughput(TB/s),bandwidth(GB/s),Byte(MB),relative_pct_vs_maca_c,note
MetaX_C500,MetaX C500,104,a6494f87654436e9775edfe8ed763c26385eeac5,e550877d2aac606d9b74ed5882de0076,official,lightning_indexer,6,256,512,0,0,bfloat16,int32,10,maca_c,pass,,,3.558,0.004317,4.317,0.015,100.0,
MetaX_C500,MetaX C500,104,a6494f87654436e9775edfe8ed763c26385eeac5,e550877d2aac606d9b74ed5882de0076,official,lightning_indexer,6,256,512,0,0,bfloat16,int32,10,torch,pass,,"not applicable: the reference backend needs vocab_size >= topk, no window, no offset (tests/test.py's own guard)",,,,,,
MetaX_C500,MetaX C500,104,a6494f87654436e9775edfe8ed763c26385eeac5,e550877d2aac606d9b74ed5882de0076,official,lightning_indexer,6,256,512,0,0,bfloat16,int32,10,deep_gemm,unsupported,UnsupportedByBackend,"backend 'deep_gemm' ranks float32 scores, and was given torch.bfloat16; 'maca_c' and 'torch' take bfloat16 as well",,,,,,
MetaX_C500,MetaX C500,104,a6494f87654436e9775edfe8ed763c26385eeac5,e550877d2aac606d9b74ed5882de0076,official,lightning_indexer,6,1024,512,0,0,bfloat16,int32,10,maca_c,pass,,,16.742,0.001468,1.468,0.025,100.0,
MetaX_C500,MetaX C500,104,a6494f87654436e9775edfe8ed763c26385eeac5,e550877d2aac606d9b74ed5882de0076,official,lightning_indexer,6,1024,512,0,0,bfloat16,int32,10,torch,pass,,,26.291,0.000935,0.935,,63.68,
MetaX_C500,MetaX C500,104,a6494f87654436e9775edfe8ed763c26385eeac5,e550877d2aac606d9b74ed5882de0076,official,lightning_indexer,6,1024,512,0,0,bfloat16,int32,10,deep_gemm,unsupported,UnsupportedByBackend,"backend 'deep_gemm' ranks float32 scores, and was given torch.bfloat16; 'maca_c' and 'torch' take bfloat16 as well",,,,,,
MetaX_C500,MetaX C500,104,a6494f87654436e9775edfe8ed763c26385eeac5,e550877d2aac606d9b74ed5882de0076,official,lightning_indexer,6,4096,512,0,0,bfloat16,int32,10,maca_c,pass,,,18.483,0.003324,3.324,0.061,100.0,
MetaX_C500,MetaX C500,104,a6494f87654436e9775edfe8ed763c26385eeac5,e550877d2aac606d9b74ed5882de0076,official,lightning_indexer,6,4096,512,0,0,bfloat16,int32,10,torch,pass,,,51.174,0.001201,1.201,,36.12,
MetaX_C500,MetaX C500,104,a6494f87654436e9775edfe8ed763c26385eeac5,e550877d2aac606d9b74ed5882de0076,official,lightning_indexer,6,4096,512,0,0,bfloat16,int32,10,deep_gemm,unsupported,UnsupportedByBackend,"backend 'deep_gemm' ranks float32 scores, and was given torch.bfloat16; 'maca_c' and 'torch' take bfloat16 as well",,,,,,
MetaX_C500,MetaX C500,104,a6494f87654436e9775edfe8ed763c26385eeac5,e550877d2aac606d9b74ed5882de0076,official,lightning_indexer,6,16384,512,0,0,bfloat16,int32,10,maca_c,pass,,,29.978,0.006968,6.968,0.209,100.0,
MetaX_C500,MetaX C500,104,a6494f87654436e9775edfe8ed763c26385eeac5,e550877d2aac606d9b74ed5882de0076,official,lightning_indexer,6,16384,512,0,0,bfloat16,int32,10,torch,pass,,,140.595,0.001486,1.486,,21.32,
MetaX_C500,MetaX C500,104,a6494f87654436e9775edfe8ed763c26385eeac5,e550877d2aac606d9b74ed5882de0076,official,lightning_indexer,6,16384,512,0,0,bfloat16,int32,10,deep_gemm,unsupported,UnsupportedByBackend,"backend 'deep_gemm' ranks float32 scores, and was given torch.bfloat16; 'maca_c' and 'torch' take bfloat16 as well",,,,,,
MetaX_C500,MetaX C500,104,a6494f87654436e9775edfe8ed763c26385eeac5,e550877d2aac606d9b74ed5882de0076,official,lightning_indexer,6,65536,512,0,0,bfloat16,int32,10,maca_c,pass,,,53.99,0.014794,14.794,0.799,100.0,
MetaX_C500,MetaX C500,104,a6494f87654436e9775edfe8ed763c26385eeac5,e550877d2aac606d9b74ed5882de0076,official,lightning_indexer,6,65536,512,0,0,bfloat16,int32,10,torch,pass,,,180.25,0.004431,4.431,,29.95,
MetaX_C500,MetaX C500,104,a6494f87654436e9775edfe8ed763c26385eeac5,e550877d2aac606d9b74ed5882de0076,official,lightning_indexer,6,65536,512,0,0,bfloat16,int32,10,deep_gemm,unsupported,UnsupportedByBackend,"backend 'deep_gemm' ranks float32 scores, and was given torch.bfloat16; 'maca_c' and 'torch' take bfloat16 as well",,,,,,
MetaX_C500,MetaX C500,104,a6494f87654436e9775edfe8ed763c26385eeac5,e550877d2aac606d9b74ed5882de0076,official,lightning_indexer,6,131072,512,0,0,bfloat16,int32,10,maca_c,pass,,,84.429,0.018775,18.775,1.585,100.0,
MetaX_C500,MetaX C500,104,a6494f87654436e9775edfe8ed763c26385eeac5,e550877d2aac606d9b74ed5882de0076,official,lightning_indexer,6,131072,512,0,0,bfloat16,int32,10,torch,pass,,,222.106,0.007137,7.137,,38.01,
MetaX_C500,MetaX C500,104,a6494f87654436e9775edfe8ed763c26385eeac5,e550877d2aac606d9b74ed5882de0076,official,lightning_indexer,6,131072,512,0,0,bfloat16,int32,10,deep_gemm,unsupported,UnsupportedByBackend,"backend 'deep_gemm' ranks float32 scores, and was given torch.bfloat16; 'maca_c' and 'torch' take bfloat16 as well",,,,,,
MetaX_C500,MetaX C500,104,a6494f87654436e9775edfe8ed763c26385eeac5,e550877d2aac606d9b74ed5882de0076,official,lightning_indexer,6,262144,512,0,0,bfloat16,int32,10,maca_c,pass,,,82.202,0.038418,38.418,3.158,100.0,
MetaX_C500,MetaX C500,104,a6494f87654436e9775edfe8ed763c26385eeac5,e550877d2aac606d9b74ed5882de0076,official,lightning_indexer,6,262144,512,0,0,bfloat16,int32,10,torch,pass,,,266.522,0.011849,11.849,,30.84,
MetaX_C500,MetaX C500,104,a6494f87654436e9775edfe8ed763c26385eeac5,e550877d2aac606d9b74ed5882de0076,official,lightning_indexer,6,262144,512,0,0,bfloat16,int32,10,deep_gemm,unsupported,UnsupportedByBackend,"backend 'deep_gemm' ranks float32 scores, and was given torch.bfloat16; 'maca_c' and 'torch' take bfloat16 as well",,,,,,
MetaX_C500,MetaX C500,104,a6494f87654436e9775edfe8ed763c26385eeac5,e550877d2aac606d9b74ed5882de0076,official,lightning_indexer,6,524288,512,0,0,bfloat16,int32,10,maca_c,pass,,,81.382,0.077459,77.459,6.304,100.0,
MetaX_C500,MetaX C500,104,a6494f87654436e9775edfe8ed763c26385eeac5,e550877d2aac606d9b74ed5882de0076,official,lightning_indexer,6,524288,512,0,0,bfloat16,int32,10,torch,pass,,,301.363,0.020917,20.917,,27.0,
MetaX_C500,MetaX C500,104,a6494f87654436e9775edfe8ed763c26385eeac5,e550877d2aac606d9b74ed5882de0076,official,lightning_indexer,6,524288,512,0,0,bfloat16,int32,10,deep_gemm,unsupported,UnsupportedByBackend,"backend 'deep_gemm' ranks float32 scores, and was given torch.bfloat16; 'maca_c' and 'torch' take bfloat16 as well",,,,,,
MetaX_C500,MetaX C500,104,a6494f87654436e9775edfe8ed763c26385eeac5,e550877d2aac606d9b74ed5882de0076,official,lightning_indexer,6,1048576,512,0,0,bfloat16,int32,10,maca_c,pass,,,110.464,0.114021,114.021,12.595,100.0,
MetaX_C500,MetaX C500,104,a6494f87654436e9775edfe8ed763c26385eeac5,e550877d2aac606d9b74ed5882de0076,official,lightning_indexer,6,1048576,512,0,0,bfloat16,int32,10,torch,pass,,,377.19,0.033392,33.392,,29.29,
MetaX_C500,MetaX C500,104,a6494f87654436e9775edfe8ed763c26385eeac5,e550877d2aac606d9b74ed5882de0076,official,lightning_indexer,6,1048576,512,0,0,bfloat16,int32,10,deep_gemm,unsupported,UnsupportedByBackend,"backend 'deep_gemm' ranks float32 scores, and was given torch.bfloat16; 'maca_c' and 'torch' take bfloat16 as well",,,,,,
MetaX_C500,MetaX C500,104,a6494f87654436e9775edfe8ed763c26385eeac5,e550877d2aac606d9b74ed5882de0076,official,lightning_indexer,256,256,512,0,0,bfloat16,int32,10,maca_c,pass,,,5.786,0.113267,113.267,0.655,100.0,
MetaX_C500,MetaX C500,104,a6494f87654436e9775edfe8ed763c26385eeac5,e550877d2aac606d9b74ed5882de0076,official,lightning_indexer,256,256,512,0,0,bfloat16,int32,10,torch,pass,,"not applicable: the reference backend needs vocab_size >= topk, no window, no offset (tests/test.py's own guard)",,,,,,
MetaX_C500,MetaX C500,104,a6494f87654436e9775edfe8ed763c26385eeac5,e550877d2aac606d9b74ed5882de0076,official,lightning_indexer,256,256,512,0,0,bfloat16,int32,10,deep_gemm,unsupported,UnsupportedByBackend,"backend 'deep_gemm' ranks float32 scores, and was given torch.bfloat16; 'maca_c' and 'torch' take bfloat16 as well",,,,,,
MetaX_C500,MetaX C500,104,a6494f87654436e9775edfe8ed763c26385eeac5,e550877d2aac606d9b74ed5882de0076,official,lightning_indexer,256,1024,512,0,0,bfloat16,int32,10,maca_c,pass,,,33.152,0.031629,31.629,1.049,100.0,
MetaX_C500,MetaX C500,104,a6494f87654436e9775edfe8ed763c26385eeac5,e550877d2aac606d9b74ed5882de0076,official,lightning_indexer,256,1024,512,0,0,bfloat16,int32,10,torch,pass,,,60.774,0.017254,17.254,,54.55,
MetaX_C500,MetaX C500,104,a6494f87654436e9775edfe8ed763c26385eeac5,e550877d2aac606d9b74ed5882de0076,official,lightning_indexer,256,1024,512,0,0,bfloat16,int32,10,deep_gemm,unsupported,UnsupportedByBackend,"backend 'deep_gemm' ranks float32 scores, and was given torch.bfloat16; 'maca_c' and 'torch' take bfloat16 as well",,,,,,
MetaX_C500,MetaX C500,104,a6494f87654436e9775edfe8ed763c26385eeac5,e550877d2aac606d9b74ed5882de0076,official,lightning_indexer,256,4096,512,0,0,bfloat16,int32,10,maca_c,pass,,,41.139,0.063722,63.722,2.621,100.0,
MetaX_C500,MetaX C500,104,a6494f87654436e9775edfe8ed763c26385eeac5,e550877d2aac606d9b74ed5882de0076,official,lightning_indexer,256,4096,512,0,0,bfloat16,int32,10,torch,pass,,,212.634,0.012328,12.328,,19.35,
MetaX_C500,MetaX C500,104,a6494f87654436e9775edfe8ed763c26385eeac5,e550877d2aac606d9b74ed5882de0076,official,lightning_indexer,256,4096,512,0,0,bfloat16,int32,10,deep_gemm,unsupported,UnsupportedByBackend,"backend 'deep_gemm' ranks float32 scores, and was given torch.bfloat16; 'maca_c' and 'torch' take bfloat16 as well",,,,,,
MetaX_C500,MetaX C500,104,a6494f87654436e9775edfe8ed763c26385eeac5,e550877d2aac606d9b74ed5882de0076,official,lightning_indexer,256,16384,512,0,0,bfloat16,int32,10,maca_c,pass,,,68.762,0.129619,129.619,8.913,100.0,
MetaX_C500,MetaX C500,104,a6494f87654436e9775edfe8ed763c26385eeac5,e550877d2aac606d9b74ed5882de0076,official,lightning_indexer,256,16384,512,0,0,bfloat16,int32,10,torch,pass,,,319.846,0.027866,27.866,,21.5,
MetaX_C500,MetaX C500,104,a6494f87654436e9775edfe8ed763c26385eeac5,e550877d2aac606d9b74ed5882de0076,official,lightning_indexer,256,16384,512,0,0,bfloat16,int32,10,deep_gemm,unsupported,UnsupportedByBackend,"backend 'deep_gemm' ranks float32 scores, and was given torch.bfloat16; 'maca_c' and 'torch' take bfloat16 as well",,,,,,
MetaX_C500,MetaX C500,104,a6494f87654436e9775edfe8ed763c26385eeac5,e550877d2aac606d9b74ed5882de0076,official,lightning_indexer,256,65536,512,0,0,bfloat16,int32,10,maca_c,pass,,,174.618,0.195162,195.162,34.079,100.0,
MetaX_C500,MetaX C500,104,a6494f87654436e9775edfe8ed763c26385eeac5,e550877d2aac606d9b74ed5882de0076,official,lightning_indexer,256,65536,512,0,0,bfloat16,int32,10,torch,pass,,,710.451,0.047968,47.968,,24.58,
MetaX_C500,MetaX C500,104,a6494f87654436e9775edfe8ed763c26385eeac5,e550877d2aac606d9b74ed5882de0076,official,lightning_indexer,256,65536,512,0,0,bfloat16,int32,10,deep_gemm,unsupported,UnsupportedByBackend,"backend 'deep_gemm' ranks float32 scores, and was given torch.bfloat16; 'maca_c' and 'torch' take bfloat16 as well",,,,,,
MetaX_C500,MetaX C500,104,a6494f87654436e9775edfe8ed763c26385eeac5,e550877d2aac606d9b74ed5882de0076,official,lightning_indexer,256,131072,512,0,0,bfloat16,int32,10,maca_c,pass,,,282.88,0.239088,239.088,67.633,100.0,
MetaX_C500,MetaX C500,104,a6494f87654436e9775edfe8ed763c26385eeac5,e550877d2aac606d9b74ed5882de0076,official,lightning_indexer,256,131072,512,0,0,bfloat16,int32,10,torch,pass,,,1206.579,0.056054,56.054,,23.44,
MetaX_C500,MetaX C500,104,a6494f87654436e9775edfe8ed763c26385eeac5,e550877d2aac606d9b74ed5882de0076,official,lightning_indexer,256,131072,512,0,0,bfloat16,int32,10,deep_gemm,unsupported,UnsupportedByBackend,"backend 'deep_gemm' ranks float32 scores, and was given torch.bfloat16; 'maca_c' and 'torch' take bfloat16 as well",,,,,,
MetaX_C500,MetaX C500,104,a6494f87654436e9775edfe8ed763c26385eeac5,e550877d2aac606d9b74ed5882de0076,official,lightning_indexer,256,262144,512,0,0,bfloat16,int32,10,maca_c,pass,,,491.878,0.273934,273.934,134.742,100.0,
MetaX_C500,MetaX C500,104,a6494f87654436e9775edfe8ed763c26385eeac5,e550877d2aac606d9b74ed5882de0076,official,lightning_indexer,256,262144,512,0,0,bfloat16,int32,10,torch,pass,,,2050.586,0.065709,65.709,,23.99,
MetaX_C500,MetaX C500,104,a6494f87654436e9775edfe8ed763c26385eeac5,e550877d2aac606d9b74ed5882de0076,official,lightning_indexer,256,262144,512,0,0,bfloat16,int32,10,deep_gemm,unsupported,UnsupportedByBackend,"backend 'deep_gemm' ranks float32 scores, and was given torch.bfloat16; 'maca_c' and 'torch' take bfloat16 as well",,,,,,
MetaX_C500,MetaX C500,104,a6494f87654436e9775edfe8ed763c26385eeac5,e550877d2aac606d9b74ed5882de0076,official,lightning_indexer,256,524288,512,0,0,bfloat16,int32,10,maca_c,pass,,,901.683,0.298286,298.286,268.96,100.0,
MetaX_C500,MetaX C500,104,a6494f87654436e9775edfe8ed763c26385eeac5,e550877d2aac606d9b74ed5882de0076,official,lightning_indexer,256,524288,512,0,0,bfloat16,int32,10,torch,pass,,,3695.462,0.072781,72.781,,24.4,
MetaX_C500,MetaX C500,104,a6494f87654436e9775edfe8ed763c26385eeac5,e550877d2aac606d9b74ed5882de0076,official,lightning_indexer,256,524288,512,0,0,bfloat16,int32,10,deep_gemm,unsupported,UnsupportedByBackend,"backend 'deep_gemm' ranks float32 scores, and was given torch.bfloat16; 'maca_c' and 'torch' take bfloat16 as well",,,,,,
MetaX_C500,MetaX C500,104,a6494f87654436e9775edfe8ed763c26385eeac5,e550877d2aac606d9b74ed5882de0076,official,lightning_indexer,256,1048576,512,0,0,bfloat16,int32,10,maca_c,pass,,,1718.528,0.312707,312.707,537.395,100.0,
MetaX_C500,MetaX C500,104,a6494f87654436e9775edfe8ed763c26385eeac5,e550877d2aac606d9b74ed5882de0076,official,lightning_indexer,256,1048576,512,0,0,bfloat16,int32,10,torch,pass,,,6977.818,0.077015,77.015,,24.63,
MetaX_C500,MetaX C500,104,a6494f87654436e9775edfe8ed763c26385eeac5,e550877d2aac606d9b74ed5882de0076,official,lightning_indexer,256,1048576,512,0,0,bfloat16,int32,10,deep_gemm,unsupported,UnsupportedByBackend,"backend 'deep_gemm' ranks float32 scores, and was given torch.bfloat16; 'maca_c' and 'torch' take bfloat16 as well",,,,,,
MetaX_C500,MetaX C500,104,a6494f87654436e9775edfe8ed763c26385eeac5,e550877d2aac606d9b74ed5882de0076,official,lightning_indexer,512,256,512,0,0,bfloat16,int32,10,maca_c,pass,,,7.014,0.186872,186.872,1.311,100.0,
MetaX_C500,MetaX C500,104,a6494f87654436e9775edfe8ed763c26385eeac5,e550877d2aac606d9b74ed5882de0076,official,lightning_indexer,512,256,512,0,0,bfloat16,int32,10,torch,pass,,"not applicable: the reference backend needs vocab_size >= topk, no window, no offset (tests/test.py's own guard)",,,,,,
MetaX_C500,MetaX C500,104,a6494f87654436e9775edfe8ed763c26385eeac5,e550877d2aac606d9b74ed5882de0076,official,lightning_indexer,512,256,512,0,0,bfloat16,int32,10,deep_gemm,unsupported,UnsupportedByBackend,"backend 'deep_gemm' ranks float32 scores, and was given torch.bfloat16; 'maca_c' and 'torch' take bfloat16 as well",,,,,,
MetaX_C500,MetaX C500,104,a6494f87654436e9775edfe8ed763c26385eeac5,e550877d2aac606d9b74ed5882de0076,official,lightning_indexer,512,1024,512,0,0,bfloat16,int32,10,maca_c,pass,,,45.568,0.046022,46.022,2.097,100.0,
MetaX_C500,MetaX C500,104,a6494f87654436e9775edfe8ed763c26385eeac5,e550877d2aac606d9b74ed5882de0076,official,lightning_indexer,512,1024,512,0,0,bfloat16,int32,10,torch,pass,,,92.058,0.022781,22.781,,49.5,
MetaX_C500,MetaX C500,104,a6494f87654436e9775edfe8ed763c26385eeac5,e550877d2aac606d9b74ed5882de0076,official,lightning_indexer,512,1024,512,0,0,bfloat16,int32,10,deep_gemm,unsupported,UnsupportedByBackend,"backend 'deep_gemm' ranks float32 scores, and was given torch.bfloat16; 'maca_c' and 'torch' take bfloat16 as well",,,,,,
MetaX_C500,MetaX C500,104,a6494f87654436e9775edfe8ed763c26385eeac5,e550877d2aac606d9b74ed5882de0076,official,lightning_indexer,512,4096,512,0,0,bfloat16,int32,10,maca_c,pass,,,57.318,0.09147,91.47,5.243,100.0,
MetaX_C500,MetaX C500,104,a6494f87654436e9775edfe8ed763c26385eeac5,e550877d2aac606d9b74ed5882de0076,official,lightning_indexer,512,4096,512,0,0,bfloat16,int32,10,torch,pass,,,255.104,0.020552,20.552,,22.47,
MetaX_C500,MetaX C500,104,a6494f87654436e9775edfe8ed763c26385eeac5,e550877d2aac606d9b74ed5882de0076,official,lightning_indexer,512,4096,512,0,0,bfloat16,int32,10,deep_gemm,unsupported,UnsupportedByBackend,"backend 'deep_gemm' ranks float32 scores, and was given torch.bfloat16; 'maca_c' and 'torch' take bfloat16 as well",,,,,,
MetaX_C500,MetaX C500,104,a6494f87654436e9775edfe8ed763c26385eeac5,e550877d2aac606d9b74ed5882de0076,official,lightning_indexer,512,16384,512,0,0,bfloat16,int32,10,maca_c,pass,,,101.453,0.175705,175.705,17.826,100.0,
MetaX_C500,MetaX C500,104,a6494f87654436e9775edfe8ed763c26385eeac5,e550877d2aac606d9b74ed5882de0076,official,lightning_indexer,512,16384,512,0,0,bfloat16,int32,10,torch,pass,,,465.638,0.038283,38.283,,21.79,
MetaX_C500,MetaX C500,104,a6494f87654436e9775edfe8ed763c26385eeac5,e550877d2aac606d9b74ed5882de0076,official,lightning_indexer,512,16384,512,0,0,bfloat16,int32,10,deep_gemm,unsupported,UnsupportedByBackend,"backend 'deep_gemm' ranks float32 scores, and was given torch.bfloat16; 'maca_c' and 'torch' take bfloat16 as well",,,,,,
MetaX_C500,MetaX C500,104,a6494f87654436e9775edfe8ed763c26385eeac5,e550877d2aac606d9b74ed5882de0076,official,lightning_indexer,512,65536,512,0,0,bfloat16,int32,10,maca_c,pass,,,286.566,0.237842,237.842,68.157,100.0,
MetaX_C500,MetaX C500,104,a6494f87654436e9775edfe8ed763c26385eeac5,e550877d2aac606d9b74ed5882de0076,official,lightning_indexer,512,65536,512,0,0,bfloat16,int32,10,torch,pass,,,1204.71,0.056576,56.576,,23.79,
MetaX_C500,MetaX C500,104,a6494f87654436e9775edfe8ed763c26385eeac5,e550877d2aac606d9b74ed5882de0076,official,lightning_indexer,512,65536,512,0,0,bfloat16,int32,10,deep_gemm,unsupported,UnsupportedByBackend,"backend 'deep_gemm' ranks float32 scores, and was given torch.bfloat16; 'maca_c' and 'torch' take bfloat16 as well",,,,,,
MetaX_C500,MetaX C500,104,a6494f87654436e9775edfe8ed763c26385eeac5,e550877d2aac606d9b74ed5882de0076,official,lightning_indexer,512,131072,512,0,0,bfloat16,int32,10,maca_c,pass,,,469.862,0.287885,287.885,135.266,100.0,
MetaX_C500,MetaX C500,104,a6494f87654436e9775edfe8ed763c26385eeac5,e550877d2aac606d9b74ed5882de0076,official,lightning_indexer,512,131072,512,0,0,bfloat16,int32,10,torch,pass,,,2146.278,0.063024,63.024,,21.89,
MetaX_C500,MetaX C500,104,a6494f87654436e9775edfe8ed763c26385eeac5,e550877d2aac606d9b74ed5882de0076,official,lightning_indexer,512,131072,512,0,0,bfloat16,int32,10,deep_gemm,unsupported,UnsupportedByBackend,"backend 'deep_gemm' ranks float32 scores, and was given torch.bfloat16; 'maca_c' and 'torch' take bfloat16 as well",,,,,,
MetaX_C500,MetaX C500,104,a6494f87654436e9775edfe8ed763c26385eeac5,e550877d2aac606d9b74ed5882de0076,official,lightning_indexer,512,262144,512,0,0,bfloat16,int32,10,maca_c,pass,,,822.17,0.327772,327.772,269.484,100.0,
MetaX_C500,MetaX C500,104,a6494f87654436e9775edfe8ed763c26385eeac5,e550877d2aac606d9b74ed5882de0076,official,lightning_indexer,512,262144,512,0,0,bfloat16,int32,10,torch,pass,,,3788.851,0.071126,71.126,,21.7,
MetaX_C500,MetaX C500,104,a6494f87654436e9775edfe8ed763c26385eeac5,e550877d2aac606d9b74ed5882de0076,official,lightning_indexer,512,262144,512,0,0,bfloat16,int32,10,deep_gemm,unsupported,UnsupportedByBackend,"backend 'deep_gemm' ranks float32 scores, and was given torch.bfloat16; 'maca_c' and 'torch' take bfloat16 as well",,,,,,
MetaX_C500,MetaX C500,104,a6494f87654436e9775edfe8ed763c26385eeac5,e550877d2aac606d9b74ed5882de0076,official,lightning_indexer,512,524288,512,0,0,bfloat16,int32,10,maca_c,pass,,,1521.357,0.353579,353.579,537.919,100.0,
MetaX_C500,MetaX C500,104,a6494f87654436e9775edfe8ed763c26385eeac5,e550877d2aac606d9b74ed5882de0076,official,lightning_indexer,512,524288,512,0,0,bfloat16,int32,10,torch,pass,,,7051.494,0.076284,76.284,,21.57,
MetaX_C500,MetaX C500,104,a6494f87654436e9775edfe8ed763c26385eeac5,e550877d2aac606d9b74ed5882de0076,official,lightning_indexer,512,524288,512,0,0,bfloat16,int32,10,deep_gemm,unsupported,UnsupportedByBackend,"backend 'deep_gemm' ranks float32 scores, and was given torch.bfloat16; 'maca_c' and 'torch' take bfloat16 as well",,,,,,
MetaX_C500,MetaX C500,104,a6494f87654436e9775edfe8ed763c26385eeac5,e550877d2aac606d9b74ed5882de0076,official,lightning_indexer,512,1048576,512,0,0,bfloat16,int32,10,maca_c,pass,,,2906.982,0.369727,369.727,1074.79,100.0,
MetaX_C500,MetaX C500,104,a6494f87654436e9775edfe8ed763c26385eeac5,e550877d2aac606d9b74ed5882de0076,official,lightning_indexer,512,1048576,512,0,0,bfloat16,int32,10,torch,pass,,,13636.582,0.078817,78.817,,21.32,
MetaX_C500,MetaX C500,104,a6494f87654436e9775edfe8ed763c26385eeac5,e550877d2aac606d9b74ed5882de0076,official,lightning_indexer,512,1048576,512,0,0,bfloat16,int32,10,deep_gemm,unsupported,UnsupportedByBackend,"backend 'deep_gemm' ranks float32 scores, and was given torch.bfloat16; 'maca_c' and 'torch' take bfloat16 as well",,,,,,
MetaX_C500,MetaX C500,104,a6494f87654436e9775edfe8ed763c26385eeac5,e550877d2aac606d9b74ed5882de0076,official,lightning_indexer,768,256,512,0,0,bfloat16,int32,10,maca_c,pass,,,9.011,0.218187,218.187,1.966,100.0,
MetaX_C500,MetaX C500,104,a6494f87654436e9775edfe8ed763c26385eeac5,e550877d2aac606d9b74ed5882de0076,official,lightning_indexer,768,256,512,0,0,bfloat16,int32,10,torch,pass,,"not applicable: the reference backend needs vocab_size >= topk, no window, no offset (tests/test.py's own guard)",,,,,,
MetaX_C500,MetaX C500,104,a6494f87654436e9775edfe8ed763c26385eeac5,e550877d2aac606d9b74ed5882de0076,official,lightning_indexer,768,256,512,0,0,bfloat16,int32,10,deep_gemm,unsupported,UnsupportedByBackend,"backend 'deep_gemm' ranks float32 scores, and was given torch.bfloat16; 'maca_c' and 'torch' take bfloat16 as well",,,,,,
MetaX_C500,MetaX C500,104,a6494f87654436e9775edfe8ed763c26385eeac5,e550877d2aac606d9b74ed5882de0076,official,lightning_indexer,768,1024,512,0,0,bfloat16,int32,10,maca_c,pass,,,58.342,0.053919,53.919,3.146,100.0,
MetaX_C500,MetaX C500,104,a6494f87654436e9775edfe8ed763c26385eeac5,e550877d2aac606d9b74ed5882de0076,official,lightning_indexer,768,1024,512,0,0,bfloat16,int32,10,torch,pass,,,127.078,0.024754,24.754,,45.91,
MetaX_C500,MetaX C500,104,a6494f87654436e9775edfe8ed763c26385eeac5,e550877d2aac606d9b74ed5882de0076,official,lightning_indexer,768,1024,512,0,0,bfloat16,int32,10,deep_gemm,unsupported,UnsupportedByBackend,"backend 'deep_gemm' ranks float32 scores, and was given torch.bfloat16; 'maca_c' and 'torch' take bfloat16 as well",,,,,,
MetaX_C500,MetaX C500,104,a6494f87654436e9775edfe8ed763c26385eeac5,e550877d2aac606d9b74ed5882de0076,official,lightning_indexer,768,4096,512,0,0,bfloat16,int32,10,maca_c,pass,,,75.648,0.103959,103.959,7.864,100.0,
MetaX_C500,MetaX C500,104,a6494f87654436e9775edfe8ed763c26385eeac5,e550877d2aac606d9b74ed5882de0076,official,lightning_indexer,768,4096,512,0,0,bfloat16,int32,10,torch,pass,,,310.093,0.025361,25.361,,24.4,
MetaX_C500,MetaX C500,104,a6494f87654436e9775edfe8ed763c26385eeac5,e550877d2aac606d9b74ed5882de0076,official,lightning_indexer,768,4096,512,0,0,bfloat16,int32,10,deep_gemm,unsupported,UnsupportedByBackend,"backend 'deep_gemm' ranks float32 scores, and was given torch.bfloat16; 'maca_c' and 'torch' take bfloat16 as well",,,,,,
MetaX_C500,MetaX C500,104,a6494f87654436e9775edfe8ed763c26385eeac5,e550877d2aac606d9b74ed5882de0076,official,lightning_indexer,768,16384,512,0,0,bfloat16,int32,10,maca_c,pass,,,138.957,0.192424,192.424,26.739,100.0,
MetaX_C500,MetaX C500,104,a6494f87654436e9775edfe8ed763c26385eeac5,e550877d2aac606d9b74ed5882de0076,official,lightning_indexer,768,16384,512,0,0,bfloat16,int32,10,torch,pass,,,684.749,0.039049,39.049,,20.29,
MetaX_C500,MetaX C500,104,a6494f87654436e9775edfe8ed763c26385eeac5,e550877d2aac606d9b74ed5882de0076,official,lightning_indexer,768,16384,512,0,0,bfloat16,int32,10,deep_gemm,unsupported,UnsupportedByBackend,"backend 'deep_gemm' ranks float32 scores, and was given torch.bfloat16; 'maca_c' and 'torch' take bfloat16 as well",,,,,,
MetaX_C500,MetaX C500,104,a6494f87654436e9775edfe8ed763c26385eeac5,e550877d2aac606d9b74ed5882de0076,official,lightning_indexer,768,65536,512,0,0,bfloat16,int32,10,maca_c,pass,,,442.24,0.231178,231.178,102.236,100.0,
MetaX_C500,MetaX C500,104,a6494f87654436e9775edfe8ed763c26385eeac5,e550877d2aac606d9b74ed5882de0076,official,lightning_indexer,768,65536,512,0,0,bfloat16,int32,10,torch,pass,,,1675.034,0.061035,61.035,,26.4,
MetaX_C500,MetaX C500,104,a6494f87654436e9775edfe8ed763c26385eeac5,e550877d2aac606d9b74ed5882de0076,official,lightning_indexer,768,65536,512,0,0,bfloat16,int32,10,deep_gemm,unsupported,UnsupportedByBackend,"backend 'deep_gemm' ranks float32 scores, and was given torch.bfloat16; 'maca_c' and 'torch' take bfloat16 as well",,,,,,
MetaX_C500,MetaX C500,104,a6494f87654436e9775edfe8ed763c26385eeac5,e550877d2aac606d9b74ed5882de0076,official,lightning_indexer,768,131072,512,0,0,bfloat16,int32,10,maca_c,pass,,,731.802,0.27726,277.26,202.899,100.0,
MetaX_C500,MetaX C500,104,a6494f87654436e9775edfe8ed763c26385eeac5,e550877d2aac606d9b74ed5882de0076,official,lightning_indexer,768,131072,512,0,0,bfloat16,int32,10,torch,pass,,,3084.237,0.065786,65.786,,23.73,
MetaX_C500,MetaX C500,104,a6494f87654436e9775edfe8ed763c26385eeac5,e550877d2aac606d9b74ed5882de0076,official,lightning_indexer,768,131072,512,0,0,bfloat16,int32,10,deep_gemm,unsupported,UnsupportedByBackend,"backend 'deep_gemm' ranks float32 scores, and was given torch.bfloat16; 'maca_c' and 'torch' take bfloat16 as well",,,,,,
MetaX_C500,MetaX C500,104,a6494f87654436e9775edfe8ed763c26385eeac5,e550877d2aac606d9b74ed5882de0076,official,lightning_indexer,768,262144,512,0,0,bfloat16,int32,10,maca_c,pass,,,1289.114,0.313569,313.569,404.226,100.0,
MetaX_C500,MetaX C500,104,a6494f87654436e9775edfe8ed763c26385eeac5,e550877d2aac606d9b74ed5882de0076,official,lightning_indexer,768,262144,512,0,0,bfloat16,int32,10,torch,pass,,,5553.971,0.072781,72.781,,23.21,
MetaX_C500,MetaX C500,104,a6494f87654436e9775edfe8ed763c26385eeac5,e550877d2aac606d9b74ed5882de0076,official,lightning_indexer,768,262144,512,0,0,bfloat16,int32,10,deep_gemm,unsupported,UnsupportedByBackend,"backend 'deep_gemm' ranks float32 scores, and was given torch.bfloat16; 'maca_c' and 'torch' take bfloat16 as well",,,,,,
MetaX_C500,MetaX C500,104,a6494f87654436e9775edfe8ed763c26385eeac5,e550877d2aac606d9b74ed5882de0076,official,lightning_indexer,768,524288,512,0,0,bfloat16,int32,10,maca_c,pass,,,2393.83,0.337066,337.066,806.879,100.0,
MetaX_C500,MetaX C500,104,a6494f87654436e9775edfe8ed763c26385eeac5,e550877d2aac606d9b74ed5882de0076,official,lightning_indexer,768,524288,512,0,0,bfloat16,int32,10,torch,pass,,,10391.962,0.077645,77.645,,23.04,
MetaX_C500,MetaX C500,104,a6494f87654436e9775edfe8ed763c26385eeac5,e550877d2aac606d9b74ed5882de0076,official,lightning_indexer,768,524288,512,0,0,bfloat16,int32,10,deep_gemm,unsupported,UnsupportedByBackend,"backend 'deep_gemm' ranks float32 scores, and was given torch.bfloat16; 'maca_c' and 'torch' take bfloat16 as well",,,,,,
MetaX_C500,MetaX C500,104,a6494f87654436e9775edfe8ed763c26385eeac5,e550877d2aac606d9b74ed5882de0076,official,lightning_indexer,768,1048576,512,0,0,bfloat16,int32,10,maca_c,pass,,,4588.032,0.351389,351.389,1612.186,100.0,
MetaX_C500,MetaX C500,104,a6494f87654436e9775edfe8ed763c26385eeac5,e550877d2aac606d9b74ed5882de0076,official,lightning_indexer,768,1048576,512,0,0,bfloat16,int32,10,torch,pass,,,20119.808,0.080129,80.129,,22.8,
MetaX_C500,MetaX C500,104,a6494f87654436e9775edfe8ed763c26385eeac5,e550877d2aac606d9b74ed5882de0076,official,lightning_indexer,768,1048576,512,0,0,bfloat16,int32,10,deep_gemm,unsupported,UnsupportedByBackend,"backend 'deep_gemm' ranks float32 scores, and was given torch.bfloat16; 'maca_c' and 'torch' take bfloat16 as well",,,,,,
MetaX_C500,MetaX C500,104,a6494f87654436e9775edfe8ed763c26385eeac5,e550877d2aac606d9b74ed5882de0076,official,lightning_indexer,4096,256,512,0,0,bfloat16,int32,10,maca_c,pass,,,32.154,0.326111,326.111,10.486,100.0,
MetaX_C500,MetaX C500,104,a6494f87654436e9775edfe8ed763c26385eeac5,e550877d2aac606d9b74ed5882de0076,official,lightning_indexer,4096,256,512,0,0,bfloat16,int32,10,torch,pass,,"not applicable: the reference backend needs vocab_size >= topk, no window, no offset (tests/test.py's own guard)",,,,,,
MetaX_C500,MetaX C500,104,a6494f87654436e9775edfe8ed763c26385eeac5,e550877d2aac606d9b74ed5882de0076,official,lightning_indexer,4096,256,512,0,0,bfloat16,int32,10,deep_gemm,unsupported,UnsupportedByBackend,"backend 'deep_gemm' ranks float32 scores, and was given torch.bfloat16; 'maca_c' and 'torch' take bfloat16 as well",,,,,,
MetaX_C500,MetaX C500,104,a6494f87654436e9775edfe8ed763c26385eeac5,e550877d2aac606d9b74ed5882de0076,official,lightning_indexer,4096,1024,512,0,0,bfloat16,int32,10,maca_c,pass,,,222.592,0.075372,75.372,16.777,100.0,
MetaX_C500,MetaX C500,104,a6494f87654436e9775edfe8ed763c26385eeac5,e550877d2aac606d9b74ed5882de0076,official,lightning_indexer,4096,1024,512,0,0,bfloat16,int32,10,torch,pass,,,382.925,0.043813,43.813,,58.13,
MetaX_C500,MetaX C500,104,a6494f87654436e9775edfe8ed763c26385eeac5,e550877d2aac606d9b74ed5882de0076,official,lightning_indexer,4096,1024,512,0,0,bfloat16,int32,10,deep_gemm,unsupported,UnsupportedByBackend,"backend 'deep_gemm' ranks float32 scores, and was given torch.bfloat16; 'maca_c' and 'torch' take bfloat16 as well",,,,,,
MetaX_C500,MetaX C500,104,a6494f87654436e9775edfe8ed763c26385eeac5,e550877d2aac606d9b74ed5882de0076,official,lightning_indexer,4096,4096,512,0,0,bfloat16,int32,10,maca_c,pass,,,319.565,0.13125,131.25,41.943,100.0,
MetaX_C500,MetaX C500,104,a6494f87654436e9775edfe8ed763c26385eeac5,e550877d2aac606d9b74ed5882de0076,official,lightning_indexer,4096,4096,512,0,0,bfloat16,int32,10,torch,pass,,,708.301,0.059216,59.216,,45.12,
MetaX_C500,MetaX C500,104,a6494f87654436e9775edfe8ed763c26385eeac5,e550877d2aac606d9b74ed5882de0076,official,lightning_indexer,4096,4096,512,0,0,bfloat16,int32,10,deep_gemm,unsupported,UnsupportedByBackend,"backend 'deep_gemm' ranks float32 scores, and was given torch.bfloat16; 'maca_c' and 'torch' take bfloat16 as well",,,,,,
MetaX_C500,MetaX C500,104,a6494f87654436e9775edfe8ed763c26385eeac5,e550877d2aac606d9b74ed5882de0076,official,lightning_indexer,4096,16384,512,0,0,bfloat16,int32,10,maca_c,pass,,,620.109,0.22997,229.97,142.606,100.0,
MetaX_C500,MetaX C500,104,a6494f87654436e9775edfe8ed763c26385eeac5,e550877d2aac606d9b74ed5882de0076,official,lightning_indexer,4096,16384,512,0,0,bfloat16,int32,10,torch,pass,,,2009.011,0.070983,70.983,,30.87,
MetaX_C500,MetaX C500,104,a6494f87654436e9775edfe8ed763c26385eeac5,e550877d2aac606d9b74ed5882de0076,official,lightning_indexer,4096,16384,512,0,0,bfloat16,int32,10,deep_gemm,unsupported,UnsupportedByBackend,"backend 'deep_gemm' ranks float32 scores, and was given torch.bfloat16; 'maca_c' and 'torch' take bfloat16 as well",,,,,,
MetaX_C500,MetaX C500,104,a6494f87654436e9775edfe8ed763c26385eeac5,e550877d2aac606d9b74ed5882de0076,official,lightning_indexer,4096,65536,512,0,0,bfloat16,int32,10,maca_c,pass,,,2151.066,0.253483,253.483,545.26,100.0,
MetaX_C500,MetaX C500,104,a6494f87654436e9775edfe8ed763c26385eeac5,e550877d2aac606d9b74ed5882de0076,official,lightning_indexer,4096,65536,512,0,0,bfloat16,int32,10,torch,pass,,,7793.51,0.069963,69.963,,27.6,
MetaX_C500,MetaX C500,104,a6494f87654436e9775edfe8ed763c26385eeac5,e550877d2aac606d9b74ed5882de0076,official,lightning_indexer,4096,65536,512,0,0,bfloat16,int32,10,deep_gemm,unsupported,UnsupportedByBackend,"backend 'deep_gemm' ranks float32 scores, and was given torch.bfloat16; 'maca_c' and 'torch' take bfloat16 as well",,,,,,
MetaX_C500,MetaX C500,104,a6494f87654436e9775edfe8ed763c26385eeac5,e550877d2aac606d9b74ed5882de0076,official,lightning_indexer,4096,131072,512,0,0,bfloat16,int32,10,maca_c,pass,,,3594.419,0.301059,301.059,1082.13,100.0,
MetaX_C500,MetaX C500,104,a6494f87654436e9775edfe8ed763c26385eeac5,e550877d2aac606d9b74ed5882de0076,official,lightning_indexer,4096,131072,512,0,0,bfloat16,int32,10,torch,pass,,,15380.045,0.070359,70.359,,23.37,
MetaX_C500,MetaX C500,104,a6494f87654436e9775edfe8ed763c26385eeac5,e550877d2aac606d9b74ed5882de0076,official,lightning_indexer,4096,131072,512,0,0,bfloat16,int32,10,deep_gemm,unsupported,UnsupportedByBackend,"backend 'deep_gemm' ranks float32 scores, and was given torch.bfloat16; 'maca_c' and 'torch' take bfloat16 as well",,,,,,
MetaX_C500,MetaX C500,104,a6494f87654436e9775edfe8ed763c26385eeac5,e550877d2aac606d9b74ed5882de0076,official,lightning_indexer,4096,262144,512,0,0,bfloat16,int32,10,maca_c,pass,,,6395.443,0.337095,337.095,2155.872,100.0,
MetaX_C500,MetaX C500,104,a6494f87654436e9775edfe8ed763c26385eeac5,e550877d2aac606d9b74ed5882de0076,official,lightning_indexer,4096,262144,512,0,0,bfloat16,int32,10,torch,pass,,,29526.989,0.073014,73.014,,21.66,
MetaX_C500,MetaX C500,104,a6494f87654436e9775edfe8ed763c26385eeac5,e550877d2aac606d9b74ed5882de0076,official,lightning_indexer,4096,262144,512,0,0,bfloat16,int32,10,deep_gemm,unsupported,UnsupportedByBackend,"backend 'deep_gemm' ranks float32 scores, and was given torch.bfloat16; 'maca_c' and 'torch' take bfloat16 as well",,,,,,
MetaX_C500,MetaX C500,104,a6494f87654436e9775edfe8ed763c26385eeac5,e550877d2aac606d9b74ed5882de0076,official,lightning_indexer,4096,524288,512,0,0,bfloat16,int32,10,maca_c,pass,,,11902.925,0.361538,361.538,4303.356,100.0,
MetaX_C500,MetaX C500,104,a6494f87654436e9775edfe8ed763c26385eeac5,e550877d2aac606d9b74ed5882de0076,official,lightning_indexer,4096,524288,512,0,0,bfloat16,int32,10,torch,pass,,,57716.557,0.07456,74.56,,20.62,
MetaX_C500,MetaX C500,104,a6494f87654436e9775edfe8ed763c26385eeac5,e550877d2aac606d9b74ed5882de0076,official,lightning_indexer,4096,524288,512,0,0,bfloat16,int32,10,deep_gemm,unsupported,UnsupportedByBackend,"backend 'deep_gemm' ranks float32 scores, and was given torch.bfloat16; 'maca_c' and 'torch' take bfloat16 as well",,,,,,
MetaX_C500,MetaX C500,104,a6494f87654436e9775edfe8ed763c26385eeac5,e550877d2aac606d9b74ed5882de0076,official,lightning_indexer,4096,1048576,512,0,0,bfloat16,int32,10,maca_c,pass,,,22949.504,0.374663,374.663,8598.323,100.0,
MetaX_C500,MetaX C500,104,a6494f87654436e9775edfe8ed763c26385eeac5,e550877d2aac606d9b74ed5882de0076,official,lightning_indexer,4096,1048576,512,0,0,bfloat16,int32,10,torch,pass,,,111856.87,0.076869,76.869,,20.52,
MetaX_C500,MetaX C500,104,a6494f87654436e9775edfe8ed763c26385eeac5,e550877d2aac606d9b74ed5882de0076,official,lightning_indexer,4096,1048576,512,0,0,bfloat16,int32,10,deep_gemm,unsupported,UnsupportedByBackend,"backend 'deep_gemm' ranks float32 scores, and was given torch.bfloat16; 'maca_c' and 'torch' take bfloat16 as well",,,,,,
MetaX_C500,MetaX C500,104,a6494f87654436e9775edfe8ed763c26385eeac5,e550877d2aac606d9b74ed5882de0076,official,lightning_indexer,6,256,1024,0,0,bfloat16,int32,10,maca_c,pass,,,3.584,0.007714,7.714,0.028,100.0,
MetaX_C500,MetaX C500,104,a6494f87654436e9775edfe8ed763c26385eeac5,e550877d2aac606d9b74ed5882de0076,official,lightning_indexer,6,256,1024,0,0,bfloat16,int32,10,torch,pass,,"not applicable: the reference backend needs vocab_size >= topk, no window, no offset (tests/test.py's own guard)",,,,,,
MetaX_C500,MetaX C500,104,a6494f87654436e9775edfe8ed763c26385eeac5,e550877d2aac606d9b74ed5882de0076,official,lightning_indexer,6,256,1024,0,0,bfloat16,int32,10,deep_gemm,unsupported,UnsupportedByBackend,"backend 'deep_gemm' ranks float32 scores, and was given torch.bfloat16; 'maca_c' and 'torch' take bfloat16 as well",,,,,,
MetaX_C500,MetaX C500,104,a6494f87654436e9775edfe8ed763c26385eeac5,e550877d2aac606d9b74ed5882de0076,official,lightning_indexer,6,1024,1024,0,0,bfloat16,int32,10,maca_c,pass,,,3.558,0.010361,10.361,0.037,100.0,
MetaX_C500,MetaX C500,104,a6494f87654436e9775edfe8ed763c26385eeac5,e550877d2aac606d9b74ed5882de0076,official,lightning_indexer,6,1024,1024,0,0,bfloat16,int32,10,torch,pass,,,24.806,0.001486,1.486,,14.34,
MetaX_C500,MetaX C500,104,a6494f87654436e9775edfe8ed763c26385eeac5,e550877d2aac606d9b74ed5882de0076,official,lightning_indexer,6,1024,1024,0,0,bfloat16,int32,10,deep_gemm,unsupported,UnsupportedByBackend,"backend 'deep_gemm' ranks float32 scores, and was given torch.bfloat16; 'maca_c' and 'torch' take bfloat16 as well",,,,,,
MetaX_C500,MetaX C500,104,a6494f87654436e9775edfe8ed763c26385eeac5,e550877d2aac606d9b74ed5882de0076,official,lightning_indexer,6,4096,1024,0,0,bfloat16,int32,10,maca_c,pass,,,19.098,0.003861,3.861,0.074,100.0,
MetaX_C500,MetaX C500,104,a6494f87654436e9775edfe8ed763c26385eeac5,e550877d2aac606d9b74ed5882de0076,official,lightning_indexer,6,4096,1024,0,0,bfloat16,int32,10,torch,pass,,,50.714,0.001454,1.454,,37.66,
MetaX_C500,MetaX C500,104,a6494f87654436e9775edfe8ed763c26385eeac5,e550877d2aac606d9b74ed5882de0076,official,lightning_indexer,6,4096,1024,0,0,bfloat16,int32,10,deep_gemm,unsupported,UnsupportedByBackend,"backend 'deep_gemm' ranks float32 scores, and was given torch.bfloat16; 'maca_c' and 'torch' take bfloat16 as well",,,,,,
MetaX_C500,MetaX C500,104,a6494f87654436e9775edfe8ed763c26385eeac5,e550877d2aac606d9b74ed5882de0076,official,lightning_indexer,6,16384,1024,0,0,bfloat16,int32,10,maca_c,pass,,,31.258,0.007076,7.076,0.221,100.0,
MetaX_C500,MetaX C500,104,a6494f87654436e9775edfe8ed763c26385eeac5,e550877d2aac606d9b74ed5882de0076,official,lightning_indexer,6,16384,1024,0,0,bfloat16,int32,10,torch,pass,,,144.333,0.001532,1.532,,21.66,
MetaX_C500,MetaX C500,104,a6494f87654436e9775edfe8ed763c26385eeac5,e550877d2aac606d9b74ed5882de0076,official,lightning_indexer,6,16384,1024,0,0,bfloat16,int32,10,deep_gemm,unsupported,UnsupportedByBackend,"backend 'deep_gemm' ranks float32 scores, and was given torch.bfloat16; 'maca_c' and 'torch' take bfloat16 as well",,,,,,
MetaX_C500,MetaX C500,104,a6494f87654436e9775edfe8ed763c26385eeac5,e550877d2aac606d9b74ed5882de0076,official,lightning_indexer,6,65536,1024,0,0,bfloat16,int32,10,maca_c,pass,,,57.856,0.014018,14.018,0.811,100.0,
MetaX_C500,MetaX C500,104,a6494f87654436e9775edfe8ed763c26385eeac5,e550877d2aac606d9b74ed5882de0076,official,lightning_indexer,6,65536,1024,0,0,bfloat16,int32,10,torch,pass,,,181.734,0.004463,4.463,,31.84,
MetaX_C500,MetaX C500,104,a6494f87654436e9775edfe8ed763c26385eeac5,e550877d2aac606d9b74ed5882de0076,official,lightning_indexer,6,65536,1024,0,0,bfloat16,int32,10,deep_gemm,unsupported,UnsupportedByBackend,"backend 'deep_gemm' ranks float32 scores, and was given torch.bfloat16; 'maca_c' and 'torch' take bfloat16 as well",,,,,,
MetaX_C500,MetaX C500,104,a6494f87654436e9775edfe8ed763c26385eeac5,e550877d2aac606d9b74ed5882de0076,official,lightning_indexer,6,131072,1024,0,0,bfloat16,int32,10,maca_c,pass,,,90.598,0.017632,17.632,1.597,100.0,
MetaX_C500,MetaX C500,104,a6494f87654436e9775edfe8ed763c26385eeac5,e550877d2aac606d9b74ed5882de0076,official,lightning_indexer,6,131072,1024,0,0,bfloat16,int32,10,torch,pass,,,223.667,0.007142,7.142,,40.51,
MetaX_C500,MetaX C500,104,a6494f87654436e9775edfe8ed763c26385eeac5,e550877d2aac606d9b74ed5882de0076,official,lightning_indexer,6,131072,1024,0,0,bfloat16,int32,10,deep_gemm,unsupported,UnsupportedByBackend,"backend 'deep_gemm' ranks float32 scores, and was given torch.bfloat16; 'maca_c' and 'torch' take bfloat16 as well",,,,,,
MetaX_C500,MetaX C500,104,a6494f87654436e9775edfe8ed763c26385eeac5,e550877d2aac606d9b74ed5882de0076,official,lightning_indexer,6,262144,1024,0,0,bfloat16,int32,10,maca_c,pass,,,98.074,0.032326,32.326,3.17,100.0,
MetaX_C500,MetaX C500,104,a6494f87654436e9775edfe8ed763c26385eeac5,e550877d2aac606d9b74ed5882de0076,official,lightning_indexer,6,262144,1024,0,0,bfloat16,int32,10,torch,pass,,,265.498,0.011941,11.941,,36.94,
MetaX_C500,MetaX C500,104,a6494f87654436e9775edfe8ed763c26385eeac5,e550877d2aac606d9b74ed5882de0076,official,lightning_indexer,6,262144,1024,0,0,bfloat16,int32,10,deep_gemm,unsupported,UnsupportedByBackend,"backend 'deep_gemm' ranks float32 scores, and was given torch.bfloat16; 'maca_c' and 'torch' take bfloat16 as well",,,,,,
MetaX_C500,MetaX C500,104,a6494f87654436e9775edfe8ed763c26385eeac5,e550877d2aac606d9b74ed5882de0076,official,lightning_indexer,6,524288,1024,0,0,bfloat16,int32,10,maca_c,pass,,,140.954,0.044809,44.809,6.316,100.0,
MetaX_C500,MetaX C500,104,a6494f87654436e9775edfe8ed763c26385eeac5,e550877d2aac606d9b74ed5882de0076,official,lightning_indexer,6,524288,1024,0,0,bfloat16,int32,10,torch,pass,,,306.739,0.020591,20.591,,45.95,
MetaX_C500,MetaX C500,104,a6494f87654436e9775edfe8ed763c26385eeac5,e550877d2aac606d9b74ed5882de0076,official,lightning_indexer,6,524288,1024,0,0,bfloat16,int32,10,deep_gemm,unsupported,UnsupportedByBackend,"backend 'deep_gemm' ranks float32 scores, and was given torch.bfloat16; 'maca_c' and 'torch' take bfloat16 as well",,,,,,
MetaX_C500,MetaX C500,104,a6494f87654436e9775edfe8ed763c26385eeac5,e550877d2aac606d9b74ed5882de0076,official,lightning_indexer,6,1048576,1024,0,0,bfloat16,int32,10,maca_c,pass,,,135.885,0.092781,92.781,12.607,100.0,
MetaX_C500,MetaX C500,104,a6494f87654436e9775edfe8ed763c26385eeac5,e550877d2aac606d9b74ed5882de0076,official,lightning_indexer,6,1048576,1024,0,0,bfloat16,int32,10,torch,pass,,,377.062,0.033436,33.436,,36.04,
MetaX_C500,MetaX C500,104,a6494f87654436e9775edfe8ed763c26385eeac5,e550877d2aac606d9b74ed5882de0076,official,lightning_indexer,6,1048576,1024,0,0,bfloat16,int32,10,deep_gemm,unsupported,UnsupportedByBackend,"backend 'deep_gemm' ranks float32 scores, and was given torch.bfloat16; 'maca_c' and 'torch' take bfloat16 as well",,,,,,
MetaX_C500,MetaX C500,104,a6494f87654436e9775edfe8ed763c26385eeac5,e550877d2aac606d9b74ed5882de0076,official,lightning_indexer,256,256,1024,0,0,bfloat16,int32,10,maca_c,pass,,,5.478,0.215343,215.343,1.18,100.0,
MetaX_C500,MetaX C500,104,a6494f87654436e9775edfe8ed763c26385eeac5,e550877d2aac606d9b74ed5882de0076,official,lightning_indexer,256,256,1024,0,0,bfloat16,int32,10,torch,pass,,"not applicable: the reference backend needs vocab_size >= topk, no window, no offset (tests/test.py's own guard)",,,,,,
MetaX_C500,MetaX C500,104,a6494f87654436e9775edfe8ed763c26385eeac5,e550877d2aac606d9b74ed5882de0076,official,lightning_indexer,256,256,1024,0,0,bfloat16,int32,10,deep_gemm,unsupported,UnsupportedByBackend,"backend 'deep_gemm' ranks float32 scores, and was given torch.bfloat16; 'maca_c' and 'torch' take bfloat16 as well",,,,,,
MetaX_C500,MetaX C500,104,a6494f87654436e9775edfe8ed763c26385eeac5,e550877d2aac606d9b74ed5882de0076,official,lightning_indexer,256,1024,1024,0,0,bfloat16,int32,10,maca_c,pass,,,5.248,0.299707,299.707,1.573,100.0,
MetaX_C500,MetaX C500,104,a6494f87654436e9775edfe8ed763c26385eeac5,e550877d2aac606d9b74ed5882de0076,official,lightning_indexer,256,1024,1024,0,0,bfloat16,int32,10,torch,pass,,,55.936,0.028119,28.119,,9.38,
MetaX_C500,MetaX C500,104,a6494f87654436e9775edfe8ed763c26385eeac5,e550877d2aac606d9b74ed5882de0076,official,lightning_indexer,256,1024,1024,0,0,bfloat16,int32,10,deep_gemm,unsupported,UnsupportedByBackend,"backend 'deep_gemm' ranks float32 scores, and was given torch.bfloat16; 'maca_c' and 'torch' take bfloat16 as well",,,,,,
MetaX_C500,MetaX C500,104,a6494f87654436e9775edfe8ed763c26385eeac5,e550877d2aac606d9b74ed5882de0076,official,lightning_indexer,256,4096,1024,0,0,bfloat16,int32,10,maca_c,pass,,,44.288,0.071029,71.029,3.146,100.0,
MetaX_C500,MetaX C500,104,a6494f87654436e9775edfe8ed763c26385eeac5,e550877d2aac606d9b74ed5882de0076,official,lightning_indexer,256,4096,1024,0,0,bfloat16,int32,10,torch,pass,,,212.762,0.014785,14.785,,20.82,
MetaX_C500,MetaX C500,104,a6494f87654436e9775edfe8ed763c26385eeac5,e550877d2aac606d9b74ed5882de0076,official,lightning_indexer,256,4096,1024,0,0,bfloat16,int32,10,deep_gemm,unsupported,UnsupportedByBackend,"backend 'deep_gemm' ranks float32 scores, and was given torch.bfloat16; 'maca_c' and 'torch' take bfloat16 as well",,,,,,
MetaX_C500,MetaX C500,104,a6494f87654436e9775edfe8ed763c26385eeac5,e550877d2aac606d9b74ed5882de0076,official,lightning_indexer,256,16384,1024,0,0,bfloat16,int32,10,maca_c,pass,,,72.09,0.130908,130.908,9.437,100.0,
MetaX_C500,MetaX C500,104,a6494f87654436e9775edfe8ed763c26385eeac5,e550877d2aac606d9b74ed5882de0076,official,lightning_indexer,256,16384,1024,0,0,bfloat16,int32,10,torch,pass,,,322.611,0.029253,29.253,,22.35,
MetaX_C500,MetaX C500,104,a6494f87654436e9775edfe8ed763c26385eeac5,e550877d2aac606d9b74ed5882de0076,official,lightning_indexer,256,16384,1024,0,0,bfloat16,int32,10,deep_gemm,unsupported,UnsupportedByBackend,"backend 'deep_gemm' ranks float32 scores, and was given torch.bfloat16; 'maca_c' and 'torch' take bfloat16 as well",,,,,,
MetaX_C500,MetaX C500,104,a6494f87654436e9775edfe8ed763c26385eeac5,e550877d2aac606d9b74ed5882de0076,official,lightning_indexer,256,65536,1024,0,0,bfloat16,int32,10,maca_c,pass,,,189.594,0.182511,182.511,34.603,100.0,
MetaX_C500,MetaX C500,104,a6494f87654436e9775edfe8ed763c26385eeac5,e550877d2aac606d9b74ed5882de0076,official,lightning_indexer,256,65536,1024,0,0,bfloat16,int32,10,torch,pass,,,724.608,0.047754,47.754,,26.17,
MetaX_C500,MetaX C500,104,a6494f87654436e9775edfe8ed763c26385eeac5,e550877d2aac606d9b74ed5882de0076,official,lightning_indexer,256,65536,1024,0,0,bfloat16,int32,10,deep_gemm,unsupported,UnsupportedByBackend,"backend 'deep_gemm' ranks float32 scores, and was given torch.bfloat16; 'maca_c' and 'torch' take bfloat16 as well",,,,,,
MetaX_C500,MetaX C500,104,a6494f87654436e9775edfe8ed763c26385eeac5,e550877d2aac606d9b74ed5882de0076,official,lightning_indexer,256,131072,1024,0,0,bfloat16,int32,10,maca_c,pass,,,305.459,0.223131,223.131,68.157,100.0,
MetaX_C500,MetaX C500,104,a6494f87654436e9775edfe8ed763c26385eeac5,e550877d2aac606d9b74ed5882de0076,official,lightning_indexer,256,131072,1024,0,0,bfloat16,int32,10,torch,pass,,,1208.73,0.056388,56.388,,25.27,
MetaX_C500,MetaX C500,104,a6494f87654436e9775edfe8ed763c26385eeac5,e550877d2aac606d9b74ed5882de0076,official,lightning_indexer,256,131072,1024,0,0,bfloat16,int32,10,deep_gemm,unsupported,UnsupportedByBackend,"backend 'deep_gemm' ranks float32 scores, and was given torch.bfloat16; 'maca_c' and 'torch' take bfloat16 as well",,,,,,
MetaX_C500,MetaX C500,104,a6494f87654436e9775edfe8ed763c26385eeac5,e550877d2aac606d9b74ed5882de0076,official,lightning_indexer,256,262144,1024,0,0,bfloat16,int32,10,maca_c,pass,,,517.658,0.261304,261.304,135.266,100.0,
MetaX_C500,MetaX C500,104,a6494f87654436e9775edfe8ed763c26385eeac5,e550877d2aac606d9b74ed5882de0076,official,lightning_indexer,256,262144,1024,0,0,bfloat16,int32,10,torch,pass,,,2044.902,0.066148,66.148,,25.31,
MetaX_C500,MetaX C500,104,a6494f87654436e9775edfe8ed763c26385eeac5,e550877d2aac606d9b74ed5882de0076,official,lightning_indexer,256,262144,1024,0,0,bfloat16,int32,10,deep_gemm,unsupported,UnsupportedByBackend,"backend 'deep_gemm' ranks float32 scores, and was given torch.bfloat16; 'maca_c' and 'torch' take bfloat16 as well",,,,,,
MetaX_C500,MetaX C500,104,a6494f87654436e9775edfe8ed763c26385eeac5,e550877d2aac606d9b74ed5882de0076,official,lightning_indexer,256,524288,1024,0,0,bfloat16,int32,10,maca_c,pass,,,930.842,0.289506,289.506,269.484,100.0,
MetaX_C500,MetaX C500,104,a6494f87654436e9775edfe8ed763c26385eeac5,e550877d2aac606d9b74ed5882de0076,official,lightning_indexer,256,524288,1024,0,0,bfloat16,int32,10,torch,pass,,,3689.421,0.073042,73.042,,25.23,
MetaX_C500,MetaX C500,104,a6494f87654436e9775edfe8ed763c26385eeac5,e550877d2aac606d9b74ed5882de0076,official,lightning_indexer,256,524288,1024,0,0,bfloat16,int32,10,deep_gemm,unsupported,UnsupportedByBackend,"backend 'deep_gemm' ranks float32 scores, and was given torch.bfloat16; 'maca_c' and 'torch' take bfloat16 as well",,,,,,
MetaX_C500,MetaX C500,104,a6494f87654436e9775edfe8ed763c26385eeac5,e550877d2aac606d9b74ed5882de0076,official,lightning_indexer,256,1048576,1024,0,0,bfloat16,int32,10,maca_c,pass,,,1746.97,0.307916,307.916,537.919,100.0,
MetaX_C500,MetaX C500,104,a6494f87654436e9775edfe8ed763c26385eeac5,e550877d2aac606d9b74ed5882de0076,official,lightning_indexer,256,1048576,1024,0,0,bfloat16,int32,10,torch,pass,,,6950.707,0.077391,77.391,,25.13,
MetaX_C500,MetaX C500,104,a6494f87654436e9775edfe8ed763c26385eeac5,e550877d2aac606d9b74ed5882de0076,official,lightning_indexer,256,1048576,1024,0,0,bfloat16,int32,10,deep_gemm,unsupported,UnsupportedByBackend,"backend 'deep_gemm' ranks float32 scores, and was given torch.bfloat16; 'maca_c' and 'torch' take bfloat16 as well",,,,,,
MetaX_C500,MetaX C500,104,a6494f87654436e9775edfe8ed763c26385eeac5,e550877d2aac606d9b74ed5882de0076,official,lightning_indexer,512,256,1024,0,0,bfloat16,int32,10,maca_c,pass,,,6.861,0.343871,343.871,2.359,100.0,
MetaX_C500,MetaX C500,104,a6494f87654436e9775edfe8ed763c26385eeac5,e550877d2aac606d9b74ed5882de0076,official,lightning_indexer,512,256,1024,0,0,bfloat16,int32,10,torch,pass,,"not applicable: the reference backend needs vocab_size >= topk, no window, no offset (tests/test.py's own guard)",,,,,,
MetaX_C500,MetaX C500,104,a6494f87654436e9775edfe8ed763c26385eeac5,e550877d2aac606d9b74ed5882de0076,official,lightning_indexer,512,256,1024,0,0,bfloat16,int32,10,deep_gemm,unsupported,UnsupportedByBackend,"backend 'deep_gemm' ranks float32 scores, and was given torch.bfloat16; 'maca_c' and 'torch' take bfloat16 as well",,,,,,
MetaX_C500,MetaX C500,104,a6494f87654436e9775edfe8ed763c26385eeac5,e550877d2aac606d9b74ed5882de0076,official,lightning_indexer,512,1024,1024,0,0,bfloat16,int32,10,maca_c,pass,,,6.707,0.469022,469.022,3.146,100.0,
MetaX_C500,MetaX C500,104,a6494f87654436e9775edfe8ed763c26385eeac5,e550877d2aac606d9b74ed5882de0076,official,lightning_indexer,512,1024,1024,0,0,bfloat16,int32,10,torch,pass,,,87.936,0.035773,35.773,,7.63,
MetaX_C500,MetaX C500,104,a6494f87654436e9775edfe8ed763c26385eeac5,e550877d2aac606d9b74ed5882de0076,official,lightning_indexer,512,1024,1024,0,0,bfloat16,int32,10,deep_gemm,unsupported,UnsupportedByBackend,"backend 'deep_gemm' ranks float32 scores, and was given torch.bfloat16; 'maca_c' and 'torch' take bfloat16 as well",,,,,,
MetaX_C500,MetaX C500,104,a6494f87654436e9775edfe8ed763c26385eeac5,e550877d2aac606d9b74ed5882de0076,official,lightning_indexer,512,4096,1024,0,0,bfloat16,int32,10,maca_c,pass,,,61.875,0.10168,101.68,6.291,100.0,
MetaX_C500,MetaX C500,104,a6494f87654436e9775edfe8ed763c26385eeac5,e550877d2aac606d9b74ed5882de0076,official,lightning_indexer,512,4096,1024,0,0,bfloat16,int32,10,torch,pass,,,257.229,0.024459,24.459,,24.05,
MetaX_C500,MetaX C500,104,a6494f87654436e9775edfe8ed763c26385eeac5,e550877d2aac606d9b74ed5882de0076,official,lightning_indexer,512,4096,1024,0,0,bfloat16,int32,10,deep_gemm,unsupported,UnsupportedByBackend,"backend 'deep_gemm' ranks float32 scores, and was given torch.bfloat16; 'maca_c' and 'torch' take bfloat16 as well",,,,,,
MetaX_C500,MetaX C500,104,a6494f87654436e9775edfe8ed763c26385eeac5,e550877d2aac606d9b74ed5882de0076,official,lightning_indexer,512,16384,1024,0,0,bfloat16,int32,10,maca_c,pass,,,106.138,0.177829,177.829,18.874,100.0,
MetaX_C500,MetaX C500,104,a6494f87654436e9775edfe8ed763c26385eeac5,e550877d2aac606d9b74ed5882de0076,official,lightning_indexer,512,16384,1024,0,0,bfloat16,int32,10,torch,pass,,,467.584,0.040366,40.366,,22.7,
MetaX_C500,MetaX C500,104,a6494f87654436e9775edfe8ed763c26385eeac5,e550877d2aac606d9b74ed5882de0076,official,lightning_indexer,512,16384,1024,0,0,bfloat16,int32,10,deep_gemm,unsupported,UnsupportedByBackend,"backend 'deep_gemm' ranks float32 scores, and was given torch.bfloat16; 'maca_c' and 'torch' take bfloat16 as well",,,,,,
MetaX_C500,MetaX C500,104,a6494f87654436e9775edfe8ed763c26385eeac5,e550877d2aac606d9b74ed5882de0076,official,lightning_indexer,512,65536,1024,0,0,bfloat16,int32,10,maca_c,pass,,,310.861,0.222627,222.627,69.206,100.0,
MetaX_C500,MetaX C500,104,a6494f87654436e9775edfe8ed763c26385eeac5,e550877d2aac606d9b74ed5882de0076,official,lightning_indexer,512,65536,1024,0,0,bfloat16,int32,10,torch,pass,,,1225.856,0.056455,56.455,,25.36,
MetaX_C500,MetaX C500,104,a6494f87654436e9775edfe8ed763c26385eeac5,e550877d2aac606d9b74ed5882de0076,official,lightning_indexer,512,65536,1024,0,0,bfloat16,int32,10,deep_gemm,unsupported,UnsupportedByBackend,"backend 'deep_gemm' ranks float32 scores, and was given torch.bfloat16; 'maca_c' and 'torch' take bfloat16 as well",,,,,,
MetaX_C500,MetaX C500,104,a6494f87654436e9775edfe8ed763c26385eeac5,e550877d2aac606d9b74ed5882de0076,official,lightning_indexer,512,131072,1024,0,0,bfloat16,int32,10,maca_c,pass,,,507.008,0.268861,268.861,136.315,100.0,
MetaX_C500,MetaX C500,104,a6494f87654436e9775edfe8ed763c26385eeac5,e550877d2aac606d9b74ed5882de0076,official,lightning_indexer,512,131072,1024,0,0,bfloat16,int32,10,torch,pass,,,2172.698,0.06274,62.74,,23.34,
MetaX_C500,MetaX C500,104,a6494f87654436e9775edfe8ed763c26385eeac5,e550877d2aac606d9b74ed5882de0076,official,lightning_indexer,512,131072,1024,0,0,bfloat16,int32,10,deep_gemm,unsupported,UnsupportedByBackend,"backend 'deep_gemm' ranks float32 scores, and was given torch.bfloat16; 'maca_c' and 'torch' take bfloat16 as well",,,,,,
MetaX_C500,MetaX C500,104,a6494f87654436e9775edfe8ed763c26385eeac5,e550877d2aac606d9b74ed5882de0076,official,lightning_indexer,512,262144,1024,0,0,bfloat16,int32,10,maca_c,pass,,,870.042,0.310942,310.942,270.533,100.0,
MetaX_C500,MetaX C500,104,a6494f87654436e9775edfe8ed763c26385eeac5,e550877d2aac606d9b74ed5882de0076,official,lightning_indexer,512,262144,1024,0,0,bfloat16,int32,10,torch,pass,,,3851.75,0.070236,70.236,,22.59,
MetaX_C500,MetaX C500,104,a6494f87654436e9775edfe8ed763c26385eeac5,e550877d2aac606d9b74ed5882de0076,official,lightning_indexer,512,262144,1024,0,0,bfloat16,int32,10,deep_gemm,unsupported,UnsupportedByBackend,"backend 'deep_gemm' ranks float32 scores, and was given torch.bfloat16; 'maca_c' and 'torch' take bfloat16 as well",,,,,,
MetaX_C500,MetaX C500,104,a6494f87654436e9775edfe8ed763c26385eeac5,e550877d2aac606d9b74ed5882de0076,official,lightning_indexer,512,524288,1024,0,0,bfloat16,int32,10,maca_c,pass,,,1571.456,0.342974,342.974,538.968,100.0,
MetaX_C500,MetaX C500,104,a6494f87654436e9775edfe8ed763c26385eeac5,e550877d2aac606d9b74ed5882de0076,official,lightning_indexer,512,524288,1024,0,0,bfloat16,int32,10,torch,pass,,,7120.922,0.075688,75.688,,22.07,
MetaX_C500,MetaX C500,104,a6494f87654436e9775edfe8ed763c26385eeac5,e550877d2aac606d9b74ed5882de0076,official,lightning_indexer,512,524288,1024,0,0,bfloat16,int32,10,deep_gemm,unsupported,UnsupportedByBackend,"backend 'deep_gemm' ranks float32 scores, and was given torch.bfloat16; 'maca_c' and 'torch' take bfloat16 as well",,,,,,
MetaX_C500,MetaX C500,104,a6494f87654436e9775edfe8ed763c26385eeac5,e550877d2aac606d9b74ed5882de0076,official,lightning_indexer,512,1048576,1024,0,0,bfloat16,int32,10,maca_c,pass,,,2956.646,0.363871,363.871,1075.839,100.0,
MetaX_C500,MetaX C500,104,a6494f87654436e9775edfe8ed763c26385eeac5,e550877d2aac606d9b74ed5882de0076,official,lightning_indexer,512,1048576,1024,0,0,bfloat16,int32,10,torch,pass,,,13624.448,0.078964,78.964,,21.7,
MetaX_C500,MetaX C500,104,a6494f87654436e9775edfe8ed763c26385eeac5,e550877d2aac606d9b74ed5882de0076,official,lightning_indexer,512,1048576,1024,0,0,bfloat16,int32,10,deep_gemm,unsupported,UnsupportedByBackend,"backend 'deep_gemm' ranks float32 scores, and was given torch.bfloat16; 'maca_c' and 'torch' take bfloat16 as well",,,,,,
MetaX_C500,MetaX C500,104,a6494f87654436e9775edfe8ed763c26385eeac5,e550877d2aac606d9b74ed5882de0076,official,lightning_indexer,768,256,1024,0,0,bfloat16,int32,10,maca_c,pass,,,8.653,0.408985,408.985,3.539,100.0,
MetaX_C500,MetaX C500,104,a6494f87654436e9775edfe8ed763c26385eeac5,e550877d2aac606d9b74ed5882de0076,official,lightning_indexer,768,256,1024,0,0,bfloat16,int32,10,torch,pass,,"not applicable: the reference backend needs vocab_size >= topk, no window, no offset (tests/test.py's own guard)",,,,,,
MetaX_C500,MetaX C500,104,a6494f87654436e9775edfe8ed763c26385eeac5,e550877d2aac606d9b74ed5882de0076,official,lightning_indexer,768,256,1024,0,0,bfloat16,int32,10,deep_gemm,unsupported,UnsupportedByBackend,"backend 'deep_gemm' ranks float32 scores, and was given torch.bfloat16; 'maca_c' and 'torch' take bfloat16 as well",,,,,,
MetaX_C500,MetaX C500,104,a6494f87654436e9775edfe8ed763c26385eeac5,e550877d2aac606d9b74ed5882de0076,official,lightning_indexer,768,1024,1024,0,0,bfloat16,int32,10,maca_c,pass,,,8.55,0.551882,551.882,4.719,100.0,
MetaX_C500,MetaX C500,104,a6494f87654436e9775edfe8ed763c26385eeac5,e550877d2aac606d9b74ed5882de0076,official,lightning_indexer,768,1024,1024,0,0,bfloat16,int32,10,torch,pass,,,117.658,0.040104,40.104,,7.27,
MetaX_C500,MetaX C500,104,a6494f87654436e9775edfe8ed763c26385eeac5,e550877d2aac606d9b74ed5882de0076,official,lightning_indexer,768,1024,1024,0,0,bfloat16,int32,10,deep_gemm,unsupported,UnsupportedByBackend,"backend 'deep_gemm' ranks float32 scores, and was given torch.bfloat16; 'maca_c' and 'torch' take bfloat16 as well",,,,,,
MetaX_C500,MetaX C500,104,a6494f87654436e9775edfe8ed763c26385eeac5,e550877d2aac606d9b74ed5882de0076,official,lightning_indexer,768,4096,1024,0,0,bfloat16,int32,10,maca_c,pass,,,79.36,0.118916,118.916,9.437,100.0,
MetaX_C500,MetaX C500,104,a6494f87654436e9775edfe8ed763c26385eeac5,e550877d2aac606d9b74ed5882de0076,official,lightning_indexer,768,4096,1024,0,0,bfloat16,int32,10,torch,pass,,,311.936,0.030254,30.254,,25.44,
MetaX_C500,MetaX C500,104,a6494f87654436e9775edfe8ed763c26385eeac5,e550877d2aac606d9b74ed5882de0076,official,lightning_indexer,768,4096,1024,0,0,bfloat16,int32,10,deep_gemm,unsupported,UnsupportedByBackend,"backend 'deep_gemm' ranks float32 scores, and was given torch.bfloat16; 'maca_c' and 'torch' take bfloat16 as well",,,,,,
MetaX_C500,MetaX C500,104,a6494f87654436e9775edfe8ed763c26385eeac5,e550877d2aac606d9b74ed5882de0076,official,lightning_indexer,768,16384,1024,0,0,bfloat16,int32,10,maca_c,pass,,,147.354,0.192133,192.133,28.312,100.0,
MetaX_C500,MetaX C500,104,a6494f87654436e9775edfe8ed763c26385eeac5,e550877d2aac606d9b74ed5882de0076,official,lightning_indexer,768,16384,1024,0,0,bfloat16,int32,10,torch,pass,,,678.63,0.041719,41.719,,21.71,
MetaX_C500,MetaX C500,104,a6494f87654436e9775edfe8ed763c26385eeac5,e550877d2aac606d9b74ed5882de0076,official,lightning_indexer,768,16384,1024,0,0,bfloat16,int32,10,deep_gemm,unsupported,UnsupportedByBackend,"backend 'deep_gemm' ranks float32 scores, and was given torch.bfloat16; 'maca_c' and 'torch' take bfloat16 as well",,,,,,
MetaX_C500,MetaX C500,104,a6494f87654436e9775edfe8ed763c26385eeac5,e550877d2aac606d9b74ed5882de0076,official,lightning_indexer,768,65536,1024,0,0,bfloat16,int32,10,maca_c,pass,,,479.744,0.216384,216.384,103.809,100.0,
MetaX_C500,MetaX C500,104,a6494f87654436e9775edfe8ed763c26385eeac5,e550877d2aac606d9b74ed5882de0076,official,lightning_indexer,768,65536,1024,0,0,bfloat16,int32,10,torch,pass,,,1709.03,0.060741,60.741,,28.07,
MetaX_C500,MetaX C500,104,a6494f87654436e9775edfe8ed763c26385eeac5,e550877d2aac606d9b74ed5882de0076,official,lightning_indexer,768,65536,1024,0,0,bfloat16,int32,10,deep_gemm,unsupported,UnsupportedByBackend,"backend 'deep_gemm' ranks float32 scores, and was given torch.bfloat16; 'maca_c' and 'torch' take bfloat16 as well",,,,,,
MetaX_C500,MetaX C500,104,a6494f87654436e9775edfe8ed763c26385eeac5,e550877d2aac606d9b74ed5882de0076,official,lightning_indexer,768,131072,1024,0,0,bfloat16,int32,10,maca_c,pass,,,790.451,0.258678,258.678,204.472,100.0,
MetaX_C500,MetaX C500,104,a6494f87654436e9775edfe8ed763c26385eeac5,e550877d2aac606d9b74ed5882de0076,official,lightning_indexer,768,131072,1024,0,0,bfloat16,int32,10,torch,pass,,,3123.021,0.065473,65.473,,25.31,
MetaX_C500,MetaX C500,104,a6494f87654436e9775edfe8ed763c26385eeac5,e550877d2aac606d9b74ed5882de0076,official,lightning_indexer,768,131072,1024,0,0,bfloat16,int32,10,deep_gemm,unsupported,UnsupportedByBackend,"backend 'deep_gemm' ranks float32 scores, and was given torch.bfloat16; 'maca_c' and 'torch' take bfloat16 as well",,,,,,
MetaX_C500,MetaX C500,104,a6494f87654436e9775edfe8ed763c26385eeac5,e550877d2aac606d9b74ed5882de0076,official,lightning_indexer,768,262144,1024,0,0,bfloat16,int32,10,maca_c,pass,,,1364.71,0.297352,297.352,405.799,100.0,
MetaX_C500,MetaX C500,104,a6494f87654436e9775edfe8ed763c26385eeac5,e550877d2aac606d9b74ed5882de0076,official,lightning_indexer,768,262144,1024,0,0,bfloat16,int32,10,torch,pass,,,5599.411,0.072472,72.472,,24.37,
MetaX_C500,MetaX C500,104,a6494f87654436e9775edfe8ed763c26385eeac5,e550877d2aac606d9b74ed5882de0076,official,lightning_indexer,768,262144,1024,0,0,bfloat16,int32,10,deep_gemm,unsupported,UnsupportedByBackend,"backend 'deep_gemm' ranks float32 scores, and was given torch.bfloat16; 'maca_c' and 'torch' take bfloat16 as well",,,,,,
MetaX_C500,MetaX C500,104,a6494f87654436e9775edfe8ed763c26385eeac5,e550877d2aac606d9b74ed5882de0076,official,lightning_indexer,768,524288,1024,0,0,bfloat16,int32,10,maca_c,pass,,,2475.341,0.326602,326.602,808.452,100.0,
MetaX_C500,MetaX C500,104,a6494f87654436e9775edfe8ed763c26385eeac5,e550877d2aac606d9b74ed5882de0076,official,lightning_indexer,768,524288,1024,0,0,bfloat16,int32,10,torch,pass,,,10475.187,0.077178,77.178,,23.63,
MetaX_C500,MetaX C500,104,a6494f87654436e9775edfe8ed763c26385eeac5,e550877d2aac606d9b74ed5882de0076,official,lightning_indexer,768,524288,1024,0,0,bfloat16,int32,10,deep_gemm,unsupported,UnsupportedByBackend,"backend 'deep_gemm' ranks float32 scores, and was given torch.bfloat16; 'maca_c' and 'torch' take bfloat16 as well",,,,,,
MetaX_C500,MetaX C500,104,a6494f87654436e9775edfe8ed763c26385eeac5,e550877d2aac606d9b74ed5882de0076,official,lightning_indexer,768,1048576,1024,0,0,bfloat16,int32,10,maca_c,pass,,,4674.304,0.34524,345.24,1613.758,100.0,
MetaX_C500,MetaX C500,104,a6494f87654436e9775edfe8ed763c26385eeac5,e550877d2aac606d9b74ed5882de0076,official,lightning_indexer,768,1048576,1024,0,0,bfloat16,int32,10,torch,pass,,,20256.102,0.079668,79.668,,23.08,
MetaX_C500,MetaX C500,104,a6494f87654436e9775edfe8ed763c26385eeac5,e550877d2aac606d9b74ed5882de0076,official,lightning_indexer,768,1048576,1024,0,0,bfloat16,int32,10,deep_gemm,unsupported,UnsupportedByBackend,"backend 'deep_gemm' ranks float32 scores, and was given torch.bfloat16; 'maca_c' and 'torch' take bfloat16 as well",,,,,,
MetaX_C500,MetaX C500,104,a6494f87654436e9775edfe8ed763c26385eeac5,e550877d2aac606d9b74ed5882de0076,official,lightning_indexer,4096,256,1024,0,0,bfloat16,int32,10,maca_c,pass,,,31.206,0.604831,604.831,18.874,100.0,
MetaX_C500,MetaX C500,104,a6494f87654436e9775edfe8ed763c26385eeac5,e550877d2aac606d9b74ed5882de0076,official,lightning_indexer,4096,256,1024,0,0,bfloat16,int32,10,torch,pass,,"not applicable: the reference backend needs vocab_size >= topk, no window, no offset (tests/test.py's own guard)",,,,,,
MetaX_C500,MetaX C500,104,a6494f87654436e9775edfe8ed763c26385eeac5,e550877d2aac606d9b74ed5882de0076,official,lightning_indexer,4096,256,1024,0,0,bfloat16,int32,10,deep_gemm,unsupported,UnsupportedByBackend,"backend 'deep_gemm' ranks float32 scores, and was given torch.bfloat16; 'maca_c' and 'torch' take bfloat16 as well",,,,,,
MetaX_C500,MetaX C500,104,a6494f87654436e9775edfe8ed763c26385eeac5,e550877d2aac606d9b74ed5882de0076,official,lightning_indexer,4096,1024,1024,0,0,bfloat16,int32,10,maca_c,pass,,,31.77,0.792125,792.125,25.166,100.0,
MetaX_C500,MetaX C500,104,a6494f87654436e9775edfe8ed763c26385eeac5,e550877d2aac606d9b74ed5882de0076,official,lightning_indexer,4096,1024,1024,0,0,bfloat16,int32,10,torch,pass,,,384.461,0.065457,65.457,,8.26,
MetaX_C500,MetaX C500,104,a6494f87654436e9775edfe8ed763c26385eeac5,e550877d2aac606d9b74ed5882de0076,official,lightning_indexer,4096,1024,1024,0,0,bfloat16,int32,10,deep_gemm,unsupported,UnsupportedByBackend,"backend 'deep_gemm' ranks float32 scores, and was given torch.bfloat16; 'maca_c' and 'torch' take bfloat16 as well",,,,,,
MetaX_C500,MetaX C500,104,a6494f87654436e9775edfe8ed763c26385eeac5,e550877d2aac606d9b74ed5882de0076,official,lightning_indexer,4096,4096,1024,0,0,bfloat16,int32,10,maca_c,pass,,,339.021,0.148462,148.462,50.332,100.0,
MetaX_C500,MetaX C500,104,a6494f87654436e9775edfe8ed763c26385eeac5,e550877d2aac606d9b74ed5882de0076,official,lightning_indexer,4096,4096,1024,0,0,bfloat16,int32,10,torch,pass,,,714.547,0.070439,70.439,,47.45,
MetaX_C500,MetaX C500,104,a6494f87654436e9775edfe8ed763c26385eeac5,e550877d2aac606d9b74ed5882de0076,official,lightning_indexer,4096,4096,1024,0,0,bfloat16,int32,10,deep_gemm,unsupported,UnsupportedByBackend,"backend 'deep_gemm' ranks float32 scores, and was given torch.bfloat16; 'maca_c' and 'torch' take bfloat16 as well",,,,,,
MetaX_C500,MetaX C500,104,a6494f87654436e9775edfe8ed763c26385eeac5,e550877d2aac606d9b74ed5882de0076,official,lightning_indexer,4096,16384,1024,0,0,bfloat16,int32,10,maca_c,pass,,,664.32,0.227292,227.292,150.995,100.0,
MetaX_C500,MetaX C500,104,a6494f87654436e9775edfe8ed763c26385eeac5,e550877d2aac606d9b74ed5882de0076,official,lightning_indexer,4096,16384,1024,0,0,bfloat16,int32,10,torch,pass,,,2029.261,0.074409,74.409,,32.74,
MetaX_C500,MetaX C500,104,a6494f87654436e9775edfe8ed763c26385eeac5,e550877d2aac606d9b74ed5882de0076,official,lightning_indexer,4096,16384,1024,0,0,bfloat16,int32,10,deep_gemm,unsupported,UnsupportedByBackend,"backend 'deep_gemm' ranks float32 scores, and was given torch.bfloat16; 'maca_c' and 'torch' take bfloat16 as well",,,,,,
MetaX_C500,MetaX C500,104,a6494f87654436e9775edfe8ed763c26385eeac5,e550877d2aac606d9b74ed5882de0076,official,lightning_indexer,4096,65536,1024,0,0,bfloat16,int32,10,maca_c,pass,,,2335.078,0.2371,237.1,553.648,100.0,
MetaX_C500,MetaX C500,104,a6494f87654436e9775edfe8ed763c26385eeac5,e550877d2aac606d9b74ed5882de0076,official,lightning_indexer,4096,65536,1024,0,0,bfloat16,int32,10,torch,pass,,,7901.798,0.070066,70.066,,29.55,
MetaX_C500,MetaX C500,104,a6494f87654436e9775edfe8ed763c26385eeac5,e550877d2aac606d9b74ed5882de0076,official,lightning_indexer,4096,65536,1024,0,0,bfloat16,int32,10,deep_gemm,unsupported,UnsupportedByBackend,"backend 'deep_gemm' ranks float32 scores, and was given torch.bfloat16; 'maca_c' and 'torch' take bfloat16 as well",,,,,,
MetaX_C500,MetaX C500,104,a6494f87654436e9775edfe8ed763c26385eeac5,e550877d2aac606d9b74ed5882de0076,official,lightning_indexer,4096,131072,1024,0,0,bfloat16,int32,10,maca_c,pass,,,3881.83,0.280929,280.929,1090.519,100.0,
MetaX_C500,MetaX C500,104,a6494f87654436e9775edfe8ed763c26385eeac5,e550877d2aac606d9b74ed5882de0076,official,lightning_indexer,4096,131072,1024,0,0,bfloat16,int32,10,torch,pass,,,15576.346,0.070011,70.011,,24.92,
MetaX_C500,MetaX C500,104,a6494f87654436e9775edfe8ed763c26385eeac5,e550877d2aac606d9b74ed5882de0076,official,lightning_indexer,4096,131072,1024,0,0,bfloat16,int32,10,deep_gemm,unsupported,UnsupportedByBackend,"backend 'deep_gemm' ranks float32 scores, and was given torch.bfloat16; 'maca_c' and 'torch' take bfloat16 as well",,,,,,
MetaX_C500,MetaX C500,104,a6494f87654436e9775edfe8ed763c26385eeac5,e550877d2aac606d9b74ed5882de0076,official,lightning_indexer,4096,262144,1024,0,0,bfloat16,int32,10,maca_c,pass,,,6771.558,0.31961,319.61,2164.261,100.0,
MetaX_C500,MetaX C500,104,a6494f87654436e9775edfe8ed763c26385eeac5,e550877d2aac606d9b74ed5882de0076,official,lightning_indexer,4096,262144,1024,0,0,bfloat16,int32,10,torch,pass,,,29704.653,0.072859,72.859,,22.8,
MetaX_C500,MetaX C500,104,a6494f87654436e9775edfe8ed763c26385eeac5,e550877d2aac606d9b74ed5882de0076,official,lightning_indexer,4096,262144,1024,0,0,bfloat16,int32,10,deep_gemm,unsupported,UnsupportedByBackend,"backend 'deep_gemm' ranks float32 scores, and was given torch.bfloat16; 'maca_c' and 'torch' take bfloat16 as well",,,,,,
MetaX_C500,MetaX C500,104,a6494f87654436e9775edfe8ed763c26385eeac5,e550877d2aac606d9b74ed5882de0076,official,lightning_indexer,4096,524288,1024,0,0,bfloat16,int32,10,maca_c,pass,,,12348.826,0.349162,349.162,4311.745,100.0,
MetaX_C500,MetaX C500,104,a6494f87654436e9775edfe8ed763c26385eeac5,e550877d2aac606d9b74ed5882de0076,official,lightning_indexer,4096,524288,1024,0,0,bfloat16,int32,10,torch,pass,,,58242.79,0.074031,74.031,,21.2,
MetaX_C500,MetaX C500,104,a6494f87654436e9775edfe8ed763c26385eeac5,e550877d2aac606d9b74ed5882de0076,official,lightning_indexer,4096,524288,1024,0,0,bfloat16,int32,10,deep_gemm,unsupported,UnsupportedByBackend,"backend 'deep_gemm' ranks float32 scores, and was given torch.bfloat16; 'maca_c' and 'torch' take bfloat16 as well",,,,,,
MetaX_C500,MetaX C500,104,a6494f87654436e9775edfe8ed763c26385eeac5,e550877d2aac606d9b74ed5882de0076,official,lightning_indexer,4096,1048576,1024,0,0,bfloat16,int32,10,maca_c,pass,,,23423.488,0.367439,367.439,8606.712,100.0,
MetaX_C500,MetaX C500,104,a6494f87654436e9775edfe8ed763c26385eeac5,e550877d2aac606d9b74ed5882de0076,official,lightning_indexer,4096,1048576,1024,0,0,bfloat16,int32,10,torch,pass,,,112094.106,0.076781,76.781,,20.9,
MetaX_C500,MetaX C500,104,a6494f87654436e9775edfe8ed763c26385eeac5,e550877d2aac606d9b74ed5882de0076,official,lightning_indexer,4096,1048576,1024,0,0,bfloat16,int32,10,deep_gemm,unsupported,UnsupportedByBackend,"backend 'deep_gemm' ranks float32 scores, and was given torch.bfloat16; 'maca_c' and 'torch' take bfloat16 as well",,,,,,
MetaX_C500,MetaX C500,104,a6494f87654436e9775edfe8ed763c26385eeac5,e550877d2aac606d9b74ed5882de0076,official,sampler,6,129280,512,1,1,float32,int64,10,maca_c,pass,,,100.429,0.031262,31.262,3.14,100.0,
MetaX_C500,MetaX C500,104,a6494f87654436e9775edfe8ed763c26385eeac5,e550877d2aac606d9b74ed5882de0076,official,sampler,6,129280,512,1,1,float32,int64,10,torch,pass,,,354.458,0.008857,8.857,,28.33,
MetaX_C500,MetaX C500,104,a6494f87654436e9775edfe8ed763c26385eeac5,e550877d2aac606d9b74ed5882de0076,official,sampler,6,129280,512,1,1,float32,int64,10,deep_gemm,unsupported,UnsupportedByBackend,backend 'deep_gemm' returns an unordered selection; `sorted_value`/`sorted_index` need backend 'maca_c',,,,,,
MetaX_C500,MetaX C500,104,a6494f87654436e9775edfe8ed763c26385eeac5,e550877d2aac606d9b74ed5882de0076,official,sampler,256,129280,512,1,1,float32,int64,10,maca_c,pass,,,287.846,0.465372,465.372,133.956,100.0,
MetaX_C500,MetaX C500,104,a6494f87654436e9775edfe8ed763c26385eeac5,e550877d2aac606d9b74ed5882de0076,official,sampler,256,129280,512,1,1,float32,int64,10,torch,pass,,,1586.893,0.084414,84.414,,18.14,
MetaX_C500,MetaX C500,104,a6494f87654436e9775edfe8ed763c26385eeac5,e550877d2aac606d9b74ed5882de0076,official,sampler,256,129280,512,1,1,float32,int64,10,deep_gemm,unsupported,UnsupportedByBackend,backend 'deep_gemm' returns an unordered selection; `sorted_value`/`sorted_index` need backend 'maca_c',,,,,,
MetaX_C500,MetaX C500,104,a6494f87654436e9775edfe8ed763c26385eeac5,e550877d2aac606d9b74ed5882de0076,official,sampler,512,129280,512,1,1,float32,int64,10,maca_c,pass,,,498.278,0.537674,537.674,267.911,100.0,
MetaX_C500,MetaX C500,104,a6494f87654436e9775edfe8ed763c26385eeac5,e550877d2aac606d9b74ed5882de0076,official,sampler,512,129280,512,1,1,float32,int64,10,torch,pass,,,2810.291,0.095332,95.332,,17.73,
MetaX_C500,MetaX C500,104,a6494f87654436e9775edfe8ed763c26385eeac5,e550877d2aac606d9b74ed5882de0076,official,sampler,512,129280,512,1,1,float32,int64,10,deep_gemm,unsupported,UnsupportedByBackend,backend 'deep_gemm' returns an unordered selection; `sorted_value`/`sorted_index` need backend 'maca_c',,,,,,
MetaX_C500,MetaX C500,104,a6494f87654436e9775edfe8ed763c26385eeac5,e550877d2aac606d9b74ed5882de0076,official,sampler,768,129280,512,1,1,float32,int64,10,maca_c,pass,,,745.011,0.53941,539.41,401.867,100.0,
MetaX_C500,MetaX C500,104,a6494f87654436e9775edfe8ed763c26385eeac5,e550877d2aac606d9b74ed5882de0076,official,sampler,768,129280,512,1,1,float32,int64,10,torch,pass,,,4052.634,0.099162,99.162,,18.38,
MetaX_C500,MetaX C500,104,a6494f87654436e9775edfe8ed763c26385eeac5,e550877d2aac606d9b74ed5882de0076,official,sampler,768,129280,512,1,1,float32,int64,10,deep_gemm,unsupported,UnsupportedByBackend,backend 'deep_gemm' returns an unordered selection; `sorted_value`/`sorted_index` need backend 'maca_c',,,,,,
MetaX_C500,MetaX C500,104,a6494f87654436e9775edfe8ed763c26385eeac5,e550877d2aac606d9b74ed5882de0076,official,sampler,4096,129280,512,1,1,float32,int64,10,maca_c,pass,,,4261.939,0.502891,502.891,2143.289,100.0,
MetaX_C500,MetaX C500,104,a6494f87654436e9775edfe8ed763c26385eeac5,e550877d2aac606d9b74ed5882de0076,official,sampler,4096,129280,512,1,1,float32,int64,10,torch,pass,,,20147.942,0.106378,106.378,,21.15,
MetaX_C500,MetaX C500,104,a6494f87654436e9775edfe8ed763c26385eeac5,e550877d2aac606d9b74ed5882de0076,official,sampler,4096,129280,512,1,1,float32,int64,10,deep_gemm,unsupported,UnsupportedByBackend,backend 'deep_gemm' returns an unordered selection; `sorted_value`/`sorted_index` need backend 'maca_c',,,,,,
MetaX_C500,MetaX C500,104,a6494f87654436e9775edfe8ed763c26385eeac5,e550877d2aac606d9b74ed5882de0076,deep_gemm_axes,lightning_indexer,1,66551,2048,0,0,float32,int32,10,maca_c,pass,,,65.562,0.004185,4.185,0.274,100.0,
MetaX_C500,MetaX C500,104,a6494f87654436e9775edfe8ed763c26385eeac5,e550877d2aac606d9b74ed5882de0076,deep_gemm_axes,lightning_indexer,1,66551,2048,0,0,float32,int32,10,torch,pass,,,220.928,0.001242,1.242,,29.68,
MetaX_C500,MetaX C500,104,a6494f87654436e9775edfe8ed763c26385eeac5,e550877d2aac606d9b74ed5882de0076,deep_gemm_axes,lightning_indexer,1,66551,2048,0,0,float32,int32,10,deep_gemm,pass,,,53.274,0.005151,5.151,0.274,123.07,
MetaX_C500,MetaX C500,104,a6494f87654436e9775edfe8ed763c26385eeac5,e550877d2aac606d9b74ed5882de0076,deep_gemm_axes,lightning_indexer,16,66551,2048,0,0,float32,int32,10,maca_c,pass,,,86.682,0.050649,50.649,4.39,100.0,
MetaX_C500,MetaX C500,104,a6494f87654436e9775edfe8ed763c26385eeac5,e550877d2aac606d9b74ed5882de0076,deep_gemm_axes,lightning_indexer,16,66551,2048,0,0,float32,int32,10,torch,pass,,,340.608,0.01289,12.89,,25.45,
MetaX_C500,MetaX C500,104,a6494f87654436e9775edfe8ed763c26385eeac5,e550877d2aac606d9b74ed5882de0076,deep_gemm_axes,lightning_indexer,16,66551,2048,0,0,float32,int32,10,deep_gemm,pass,,,54.298,0.080856,80.856,4.39,159.64,
MetaX_C500,MetaX C500,104,a6494f87654436e9775edfe8ed763c26385eeac5,e550877d2aac606d9b74ed5882de0076,deep_gemm_axes,lightning_indexer,132,66551,2048,0,0,float32,int32,10,maca_c,pass,,,124.339,0.291303,291.303,36.22,100.0,
MetaX_C500,MetaX C500,104,a6494f87654436e9775edfe8ed763c26385eeac5,e550877d2aac606d9b74ed5882de0076,deep_gemm_axes,lightning_indexer,132,66551,2048,0,0,float32,int32,10,torch,pass,,,651.981,0.055554,55.554,,19.07,
MetaX_C500,MetaX C500,104,a6494f87654436e9775edfe8ed763c26385eeac5,e550877d2aac606d9b74ed5882de0076,deep_gemm_axes,lightning_indexer,132,66551,2048,0,0,float32,int32,10,deep_gemm,pass,,,104.218,0.347543,347.543,36.22,119.31,
MetaX_C500,MetaX C500,104,a6494f87654436e9775edfe8ed763c26385eeac5,e550877d2aac606d9b74ed5882de0076,deep_gemm_axes,lightning_indexer,512,66551,2048,0,0,float32,int32,10,maca_c,pass,,,278.835,0.503849,503.849,140.491,100.0,
MetaX_C500,MetaX C500,104,a6494f87654436e9775edfe8ed763c26385eeac5,e550877d2aac606d9b74ed5882de0076,deep_gemm_axes,lightning_indexer,512,66551,2048,0,0,float32,int32,10,torch,pass,,,1601.997,0.087697,87.697,,17.41,
MetaX_C500,MetaX C500,104,a6494f87654436e9775edfe8ed763c26385eeac5,e550877d2aac606d9b74ed5882de0076,deep_gemm_axes,lightning_indexer,512,66551,2048,0,0,float32,int32,10,deep_gemm,pass,,,247.526,0.56758,567.58,140.491,112.65,
MetaX_C500,MetaX C500,104,a6494f87654436e9775edfe8ed763c26385eeac5,e550877d2aac606d9b74ed5882de0076,deep_gemm_axes,lightning_indexer,1,131072,2048,0,0,float32,int32,10,maca_c,pass,,,76.058,0.007001,7.001,0.532,100.0,sglang-bs1-seq2048: that grid declares a window; this ranks the whole row
MetaX_C500,MetaX C500,104,a6494f87654436e9775edfe8ed763c26385eeac5,e550877d2aac606d9b74ed5882de0076,deep_gemm_axes,lightning_indexer,1,131072,2048,0,0,float32,int32,10,torch,pass,,,260.685,0.002043,2.043,,29.18,sglang-bs1-seq2048: that grid declares a window; this ranks the whole row
MetaX_C500,MetaX C500,104,a6494f87654436e9775edfe8ed763c26385eeac5,e550877d2aac606d9b74ed5882de0076,deep_gemm_axes,lightning_indexer,1,131072,2048,0,0,float32,int32,10,deep_gemm,pass,,,63.258,0.008418,8.418,0.532,120.23,sglang-bs1-seq2048: that grid declares a window; this ranks the whole row
MetaX_C500,MetaX C500,104,a6494f87654436e9775edfe8ed763c26385eeac5,e550877d2aac606d9b74ed5882de0076,deep_gemm_axes,lightning_indexer,1,131072,2048,0,0,float32,int32,10,maca_c,pass,,,75.674,0.007036,7.036,0.532,100.0,sglang-bs1-seq4096: that grid declares a window; this ranks the whole row
MetaX_C500,MetaX C500,104,a6494f87654436e9775edfe8ed763c26385eeac5,e550877d2aac606d9b74ed5882de0076,deep_gemm_axes,lightning_indexer,1,131072,2048,0,0,float32,int32,10,torch,pass,,,260.301,0.002046,2.046,,29.07,sglang-bs1-seq4096: that grid declares a window; this ranks the whole row
MetaX_C500,MetaX C500,104,a6494f87654436e9775edfe8ed763c26385eeac5,e550877d2aac606d9b74ed5882de0076,deep_gemm_axes,lightning_indexer,1,131072,2048,0,0,float32,int32,10,deep_gemm,pass,,,63.053,0.008445,8.445,0.532,120.02,sglang-bs1-seq4096: that grid declares a window; this ranks the whole row
MetaX_C500,MetaX C500,104,a6494f87654436e9775edfe8ed763c26385eeac5,e550877d2aac606d9b74ed5882de0076,deep_gemm_axes,lightning_indexer,1,131072,2048,0,0,float32,int32,10,maca_c,pass,,,75.878,0.007018,7.018,0.532,100.0,sglang-bs1-seq16384: that grid declares a window; this ranks the whole row
MetaX_C500,MetaX C500,104,a6494f87654436e9775edfe8ed763c26385eeac5,e550877d2aac606d9b74ed5882de0076,deep_gemm_axes,lightning_indexer,1,131072,2048,0,0,float32,int32,10,torch,pass,,,259.635,0.002051,2.051,,29.22,sglang-bs1-seq16384: that grid declares a window; this ranks the whole row
MetaX_C500,MetaX C500,104,a6494f87654436e9775edfe8ed763c26385eeac5,e550877d2aac606d9b74ed5882de0076,deep_gemm_axes,lightning_indexer,1,131072,2048,0,0,float32,int32,10,deep_gemm,pass,,,63.155,0.008431,8.431,0.532,120.15,sglang-bs1-seq16384: that grid declares a window; this ranks the whole row
MetaX_C500,MetaX C500,104,a6494f87654436e9775edfe8ed763c26385eeac5,e550877d2aac606d9b74ed5882de0076,deep_gemm_axes,lightning_indexer,1,131072,2048,0,0,float32,int32,10,maca_c,pass,,,75.827,0.007022,7.022,0.532,100.0,sglang-bs1-seq65536: that grid declares a window; this ranks the whole row
MetaX_C500,MetaX C500,104,a6494f87654436e9775edfe8ed763c26385eeac5,e550877d2aac606d9b74ed5882de0076,deep_gemm_axes,lightning_indexer,1,131072,2048,0,0,float32,int32,10,torch,pass,,,262.554,0.002028,2.028,,28.88,sglang-bs1-seq65536: that grid declares a window; this ranks the whole row
MetaX_C500,MetaX C500,104,a6494f87654436e9775edfe8ed763c26385eeac5,e550877d2aac606d9b74ed5882de0076,deep_gemm_axes,lightning_indexer,1,131072,2048,0,0,float32,int32,10,deep_gemm,pass,,,63.437,0.008394,8.394,0.532,119.53,sglang-bs1-seq65536: that grid declares a window; this ranks the whole row
MetaX_C500,MetaX C500,104,a6494f87654436e9775edfe8ed763c26385eeac5,e550877d2aac606d9b74ed5882de0076,deep_gemm_axes,lightning_indexer,132,131072,2048,0,0,float32,int32,10,maca_c,pass,,,204.134,0.34432,344.32,70.287,100.0,sglang-bs132-seq2048: that grid declares a window; this ranks the whole row
MetaX_C500,MetaX C500,104,a6494f87654436e9775edfe8ed763c26385eeac5,e550877d2aac606d9b74ed5882de0076,deep_gemm_axes,lightning_indexer,132,131072,2048,0,0,float32,int32,10,torch,pass,,,1008.154,0.069719,69.719,,20.25,sglang-bs132-seq2048: that grid declares a window; this ranks the whole row
MetaX_C500,MetaX C500,104,a6494f87654436e9775edfe8ed763c26385eeac5,e550877d2aac606d9b74ed5882de0076,deep_gemm_axes,lightning_indexer,132,131072,2048,0,0,float32,int32,10,deep_gemm,pass,,,172.262,0.408026,408.026,70.287,118.5,sglang-bs132-seq2048: that grid declares a window; this ranks the whole row
MetaX_C500,MetaX C500,104,a6494f87654436e9775edfe8ed763c26385eeac5,e550877d2aac606d9b74ed5882de0076,deep_gemm_axes,lightning_indexer,132,131072,2048,0,0,float32,int32,10,maca_c,pass,,,205.21,0.342514,342.514,70.287,100.0,sglang-bs132-seq4096: that grid declares a window; this ranks the whole row
MetaX_C500,MetaX C500,104,a6494f87654436e9775edfe8ed763c26385eeac5,e550877d2aac606d9b74ed5882de0076,deep_gemm_axes,lightning_indexer,132,131072,2048,0,0,float32,int32,10,torch,pass,,,1021.44,0.068812,68.812,,20.09,sglang-bs132-seq4096: that grid declares a window; this ranks the whole row
MetaX_C500,MetaX C500,104,a6494f87654436e9775edfe8ed763c26385eeac5,e550877d2aac606d9b74ed5882de0076,deep_gemm_axes,lightning_indexer,132,131072,2048,0,0,float32,int32,10,deep_gemm,pass,,,172.416,0.407661,407.661,70.287,119.02,sglang-bs132-seq4096: that grid declares a window; this ranks the whole row
MetaX_C500,MetaX C500,104,a6494f87654436e9775edfe8ed763c26385eeac5,e550877d2aac606d9b74ed5882de0076,deep_gemm_axes,lightning_indexer,132,131072,2048,0,0,float32,int32,10,maca_c,pass,,,204.109,0.344362,344.362,70.287,100.0,sglang-bs132-seq16384: that grid declares a window; this ranks the whole row
MetaX_C500,MetaX C500,104,a6494f87654436e9775edfe8ed763c26385eeac5,e550877d2aac606d9b74ed5882de0076,deep_gemm_axes,lightning_indexer,132,131072,2048,0,0,float32,int32,10,torch,pass,,,1015.808,0.069194,69.194,,20.09,sglang-bs132-seq16384: that grid declares a window; this ranks the whole row
MetaX_C500,MetaX C500,104,a6494f87654436e9775edfe8ed763c26385eeac5,e550877d2aac606d9b74ed5882de0076,deep_gemm_axes,lightning_indexer,132,131072,2048,0,0,float32,int32,10,deep_gemm,pass,,,172.698,0.406996,406.996,70.287,118.19,sglang-bs132-seq16384: that grid declares a window; this ranks the whole row
MetaX_C500,MetaX C500,104,a6494f87654436e9775edfe8ed763c26385eeac5,e550877d2aac606d9b74ed5882de0076,deep_gemm_axes,lightning_indexer,132,131072,2048,0,0,float32,int32,10,maca_c,pass,,,204.646,0.343458,343.458,70.287,100.0,sglang-bs132-seq65536: that grid declares a window; this ranks the whole row
MetaX_C500,MetaX C500,104,a6494f87654436e9775edfe8ed763c26385eeac5,e550877d2aac606d9b74ed5882de0076,deep_gemm_axes,lightning_indexer,132,131072,2048,0,0,float32,int32,10,torch,pass,,,1012.429,0.069424,69.424,,20.21,sglang-bs132-seq65536: that grid declares a window; this ranks the whole row
MetaX_C500,MetaX C500,104,a6494f87654436e9775edfe8ed763c26385eeac5,e550877d2aac606d9b74ed5882de0076,deep_gemm_axes,lightning_indexer,132,131072,2048,0,0,float32,int32,10,deep_gemm,pass,,,172.672,0.407057,407.057,70.287,118.52,sglang-bs132-seq65536: that grid declares a window; this ranks the whole row
MetaX_C500,MetaX C500,104,a6494f87654436e9775edfe8ed763c26385eeac5,e550877d2aac606d9b74ed5882de0076,deep_gemm_axes,lightning_indexer,256,131072,2048,0,0,float32,int32,10,maca_c,pass,,,276.224,0.493494,493.494,136.315,100.0,sglang-bs256-seq2048: that grid declares a window; this ranks the whole row
MetaX_C500,MetaX C500,104,a6494f87654436e9775edfe8ed763c26385eeac5,e550877d2aac606d9b74ed5882de0076,deep_gemm_axes,lightning_indexer,256,131072,2048,0,0,float32,int32,10,torch,pass,,,1612.16,0.084554,84.554,,17.13,sglang-bs256-seq2048: that grid declares a window; this ranks the whole row
MetaX_C500,MetaX C500,104,a6494f87654436e9775edfe8ed763c26385eeac5,e550877d2aac606d9b74ed5882de0076,deep_gemm_axes,lightning_indexer,256,131072,2048,0,0,float32,int32,10,deep_gemm,pass,,,240.717,0.566287,566.287,136.315,114.75,sglang-bs256-seq2048: that grid declares a window; this ranks the whole row
MetaX_C500,MetaX C500,104,a6494f87654436e9775edfe8ed763c26385eeac5,e550877d2aac606d9b74ed5882de0076,deep_gemm_axes,lightning_indexer,256,131072,2048,0,0,float32,int32,10,maca_c,pass,,,276.506,0.492991,492.991,136.315,100.0,sglang-bs256-seq4096: that grid declares a window; this ranks the whole row
MetaX_C500,MetaX C500,104,a6494f87654436e9775edfe8ed763c26385eeac5,e550877d2aac606d9b74ed5882de0076,deep_gemm_axes,lightning_indexer,256,131072,2048,0,0,float32,int32,10,torch,pass,,,1613.261,0.084496,84.496,,17.14,sglang-bs256-seq4096: that grid declares a window; this ranks the whole row
MetaX_C500,MetaX C500,104,a6494f87654436e9775edfe8ed763c26385eeac5,e550877d2aac606d9b74ed5882de0076,deep_gemm_axes,lightning_indexer,256,131072,2048,0,0,float32,int32,10,deep_gemm,pass,,,240.205,0.567494,567.494,136.315,115.11,sglang-bs256-seq4096: that grid declares a window; this ranks the whole row
MetaX_C500,MetaX C500,104,a6494f87654436e9775edfe8ed763c26385eeac5,e550877d2aac606d9b74ed5882de0076,deep_gemm_axes,lightning_indexer,256,131072,2048,0,0,float32,int32,10,maca_c,pass,,,276.25,0.493448,493.448,136.315,100.0,sglang-bs256-seq16384: that grid declares a window; this ranks the whole row
MetaX_C500,MetaX C500,104,a6494f87654436e9775edfe8ed763c26385eeac5,e550877d2aac606d9b74ed5882de0076,deep_gemm_axes,lightning_indexer,256,131072,2048,0,0,float32,int32,10,torch,pass,,,1616.179,0.084344,84.344,,17.09,sglang-bs256-seq16384: that grid declares a window; this ranks the whole row
MetaX_C500,MetaX C500,104,a6494f87654436e9775edfe8ed763c26385eeac5,e550877d2aac606d9b74ed5882de0076,deep_gemm_axes,lightning_indexer,256,131072,2048,0,0,float32,int32,10,deep_gemm,pass,,,240.538,0.566708,566.708,136.315,114.85,sglang-bs256-seq16384: that grid declares a window; this ranks the whole row
MetaX_C500,MetaX C500,104,a6494f87654436e9775edfe8ed763c26385eeac5,e550877d2aac606d9b74ed5882de0076,deep_gemm_axes,lightning_indexer,256,131072,2048,0,0,float32,int32,10,maca_c,pass,,,276.198,0.49354,493.54,136.315,100.0,sglang-bs256-seq65536: that grid declares a window; this ranks the whole row
MetaX_C500,MetaX C500,104,a6494f87654436e9775edfe8ed763c26385eeac5,e550877d2aac606d9b74ed5882de0076,deep_gemm_axes,lightning_indexer,256,131072,2048,0,0,float32,int32,10,torch,pass,,,1620.352,0.084127,84.127,,17.05,sglang-bs256-seq65536: that grid declares a window; this ranks the whole row
MetaX_C500,MetaX C500,104,a6494f87654436e9775edfe8ed763c26385eeac5,e550877d2aac606d9b74ed5882de0076,deep_gemm_axes,lightning_indexer,256,131072,2048,0,0,float32,int32,10,deep_gemm,pass,,,240.307,0.567253,567.253,136.315,114.94,sglang-bs256-seq65536: that grid declares a window; this ranks the whole row
MetaX_C500,MetaX C500,104,a6494f87654436e9775edfe8ed763c26385eeac5,e550877d2aac606d9b74ed5882de0076,deep_gemm_axes,lightning_indexer,4096,131072,2048,0,0,float32,int32,10,maca_c,pass,,,3413.248,0.638992,638.992,2181.038,100.0,sglang-bs4096-seq2048: that grid declares a window; this ranks the whole row
MetaX_C500,MetaX C500,104,a6494f87654436e9775edfe8ed763c26385eeac5,e550877d2aac606d9b74ed5882de0076,deep_gemm_axes,lightning_indexer,4096,131072,2048,0,0,float32,int32,10,torch,pass,,,20497.357,0.106406,106.406,,16.65,sglang-bs4096-seq2048: that grid declares a window; this ranks the whole row
MetaX_C500,MetaX C500,104,a6494f87654436e9775edfe8ed763c26385eeac5,e550877d2aac606d9b74ed5882de0076,deep_gemm_axes,lightning_indexer,4096,131072,2048,0,0,float32,int32,10,deep_gemm,pass,,,3260.826,0.668861,668.861,2181.038,104.67,sglang-bs4096-seq2048: that grid declares a window; this ranks the whole row
MetaX_C500,MetaX C500,104,a6494f87654436e9775edfe8ed763c26385eeac5,e550877d2aac606d9b74ed5882de0076,deep_gemm_axes,lightning_indexer,4096,131072,2048,0,0,float32,int32,10,maca_c,pass,,,3410.714,0.639467,639.467,2181.038,100.0,sglang-bs4096-seq4096: that grid declares a window; this ranks the whole row
MetaX_C500,MetaX C500,104,a6494f87654436e9775edfe8ed763c26385eeac5,e550877d2aac606d9b74ed5882de0076,deep_gemm_axes,lightning_indexer,4096,131072,2048,0,0,float32,int32,10,torch,pass,,,20485.069,0.10647,106.47,,16.65,sglang-bs4096-seq4096: that grid declares a window; this ranks the whole row
MetaX_C500,MetaX C500,104,a6494f87654436e9775edfe8ed763c26385eeac5,e550877d2aac606d9b74ed5882de0076,deep_gemm_axes,lightning_indexer,4096,131072,2048,0,0,float32,int32,10,deep_gemm,pass,,,3262.592,0.668499,668.499,2181.038,104.54,sglang-bs4096-seq4096: that grid declares a window; this ranks the whole row
MetaX_C500,MetaX C500,104,a6494f87654436e9775edfe8ed763c26385eeac5,e550877d2aac606d9b74ed5882de0076,deep_gemm_axes,lightning_indexer,4096,131072,2048,0,0,float32,int32,10,maca_c,pass,,,3412.608,0.639112,639.112,2181.038,100.0,sglang-bs4096-seq16384: that grid declares a window; this ranks the whole row
MetaX_C500,MetaX C500,104,a6494f87654436e9775edfe8ed763c26385eeac5,e550877d2aac606d9b74ed5882de0076,deep_gemm_axes,lightning_indexer,4096,131072,2048,0,0,float32,int32,10,torch,pass,,,20523.341,0.106271,106.271,,16.63,sglang-bs4096-seq16384: that grid declares a window; this ranks the whole row
MetaX_C500,MetaX C500,104,a6494f87654436e9775edfe8ed763c26385eeac5,e550877d2aac606d9b74ed5882de0076,deep_gemm_axes,lightning_indexer,4096,131072,2048,0,0,float32,int32,10,deep_gemm,pass,,,3259.853,0.66906,669.06,2181.038,104.69,sglang-bs4096-seq16384: that grid declares a window; this ranks the whole row
MetaX_C500,MetaX C500,104,a6494f87654436e9775edfe8ed763c26385eeac5,e550877d2aac606d9b74ed5882de0076,deep_gemm_axes,lightning_indexer,4096,131072,2048,0,0,float32,int32,10,maca_c,pass,,,3409.152,0.63976,639.76,2181.038,100.0,sglang-bs4096-seq65536: that grid declares a window; this ranks the whole row
MetaX_C500,MetaX C500,104,a6494f87654436e9775edfe8ed763c26385eeac5,e550877d2aac606d9b74ed5882de0076,deep_gemm_axes,lightning_indexer,4096,131072,2048,0,0,float32,int32,10,torch,pass,,,20482.202,0.106485,106.485,,16.64,sglang-bs4096-seq65536: that grid declares a window; this ranks the whole row
MetaX_C500,MetaX C500,104,a6494f87654436e9775edfe8ed763c26385eeac5,e550877d2aac606d9b74ed5882de0076,deep_gemm_axes,lightning_indexer,4096,131072,2048,0,0,float32,int32,10,deep_gemm,pass,,,3269.478,0.667091,667.091,2181.038,104.27,sglang-bs4096-seq65536: that grid declares a window; this ranks the whole row
MetaX_C500,MetaX C500,104,a6494f87654436e9775edfe8ed763c26385eeac5,e550877d2aac606d9b74ed5882de0076,deep_gemm_axes,lightning_indexer,1,107520,2048,0,0,float32,int32,10,maca_c,pass,,,72.755,0.006024,6.024,0.438,100.0,
MetaX_C500,MetaX C500,104,a6494f87654436e9775edfe8ed763c26385eeac5,e550877d2aac606d9b74ed5882de0076,deep_gemm_axes,lightning_indexer,1,107520,2048,0,0,float32,int32,10,torch,pass,,,261.581,0.001675,1.675,,27.81,
MetaX_C500,MetaX C500,104,a6494f87654436e9775edfe8ed763c26385eeac5,e550877d2aac606d9b74ed5882de0076,deep_gemm_axes,lightning_indexer,1,107520,2048,0,0,float32,int32,10,deep_gemm,pass,,,61.235,0.007157,7.157,0.438,118.81,
MetaX_C500,MetaX C500,104,a6494f87654436e9775edfe8ed763c26385eeac5,e550877d2aac606d9b74ed5882de0076,deep_gemm_axes,lightning_indexer,16,66551,2048,0,0,float32,int32,10,maca_c,pass,,,87.245,0.050322,50.322,4.39,100.0,
MetaX_C500,MetaX C500,104,a6494f87654436e9775edfe8ed763c26385eeac5,e550877d2aac606d9b74ed5882de0076,deep_gemm_axes,lightning_indexer,16,66551,2048,0,0,float32,int32,10,torch,pass,,,350.054,0.012542,12.542,,24.92,
MetaX_C500,MetaX C500,104,a6494f87654436e9775edfe8ed763c26385eeac5,e550877d2aac606d9b74ed5882de0076,deep_gemm_axes,lightning_indexer,16,66551,2048,0,0,float32,int32,10,deep_gemm,pass,,,54.067,0.081202,81.202,4.39,161.36,
MetaX_C500,MetaX C500,104,a6494f87654436e9775edfe8ed763c26385eeac5,e550877d2aac606d9b74ed5882de0076,deep_gemm_axes,lightning_indexer,132,107520,2048,0,0,float32,int32,10,maca_c,pass,,,173.056,0.334296,334.296,57.852,100.0,
MetaX_C500,MetaX C500,104,a6494f87654436e9775edfe8ed763c26385eeac5,e550877d2aac606d9b74ed5882de0076,deep_gemm_axes,lightning_indexer,132,107520,2048,0,0,float32,int32,10,torch,pass,,,876.57,0.065998,65.998,,19.74,
MetaX_C500,MetaX C500,104,a6494f87654436e9775edfe8ed763c26385eeac5,e550877d2aac606d9b74ed5882de0076,deep_gemm_axes,lightning_indexer,132,107520,2048,0,0,float32,int32,10,deep_gemm,pass,,,144.41,0.400609,400.609,57.852,119.84,
MetaX_C500,MetaX C500,104,a6494f87654436e9775edfe8ed763c26385eeac5,e550877d2aac606d9b74ed5882de0076,deep_gemm_axes,lightning_indexer,256,107520,2048,0,0,float32,int32,10,maca_c,pass,,,232.397,0.482784,482.784,112.198,100.0,
MetaX_C500,MetaX C500,104,a6494f87654436e9775edfe8ed763c26385eeac5,e550877d2aac606d9b74ed5882de0076,deep_gemm_axes,lightning_indexer,256,107520,2048,0,0,float32,int32,10,torch,pass,,,1363.405,0.082292,82.292,,17.05,
MetaX_C500,MetaX C500,104,a6494f87654436e9775edfe8ed763c26385eeac5,e550877d2aac606d9b74ed5882de0076,deep_gemm_axes,lightning_indexer,256,107520,2048,0,0,float32,int32,10,deep_gemm,pass,,,200.525,0.559519,559.519,112.198,115.89,
MetaX_C500,MetaX C500,104,a6494f87654436e9775edfe8ed763c26385eeac5,e550877d2aac606d9b74ed5882de0076,deep_gemm_axes,lightning_indexer,4096,107520,2048,0,0,float32,int32,10,maca_c,pass,,,2845.44,0.630891,630.891,1795.162,100.0,
MetaX_C500,MetaX C500,104,a6494f87654436e9775edfe8ed763c26385eeac5,e550877d2aac606d9b74ed5882de0076,deep_gemm_axes,lightning_indexer,4096,107520,2048,0,0,float32,int32,10,torch,pass,,,15701.555,0.11433,114.33,,18.12,
MetaX_C500,MetaX C500,104,a6494f87654436e9775edfe8ed763c26385eeac5,e550877d2aac606d9b74ed5882de0076,deep_gemm_axes,lightning_indexer,4096,107520,2048,0,0,float32,int32,10,deep_gemm,pass,,,2694.374,0.666263,666.263,1795.162,105.61,
